game_id,home_team,away_team,went_ot,home_goals,away_goals,home_xg,away_xg,home_shots,away_shots,home_assists,away_assists,home_penalties_committed,away_penalties_committed,home_penalty_minutes,away_penalty_minutes,penalties_committed,penalty_minutes,toi
game_1,thailand,pakistan,0,1,3,2.8231,2.7516000000000003,21,24,2,6,8,6,16,12,14,28,3599.9900000000002
game_10,switzerland,kazakhstan,0,4,3,1.9254,3.3188999999999997,20,30,7,4,10,0,20,0,10,20,3600.01
game_100,serbia,rwanda,0,4,5,3.6712000000000002,3.0239999999999996,30,27,7,10,8,10,16,20,18,36,3599.9999999999995
game_1000,brazil,netherlands,0,5,0,3.5904999999999996,2.526100000000001,32,27,6,0,10,6,20,12,16,32,3600.03
game_1001,india,morocco,0,2,3,3.4591999999999996,3.7658000000000005,32,29,4,6,8,8,16,16,16,32,3599.99
game_1002,peru,saudi_arabia,1,0,1,3.3131,2.5685000000000002,35,23,0,2,12,8,24,16,20,40,5676.919999999999
game_1003,china,pakistan,0,4,3,2.1864,3.3308999999999997,20,34,6,6,6,7,12,14,13,26,3600.01
game_1004,switzerland,uk,0,1,4,1.5251,2.7155,18,26,2,6,6,3,12,6,9,18,3599.9999999999995
game_1005,serbia,philippines,0,2,1,2.4898000000000002,2.4407000000000005,24,27,2,1,6,4,12,8,10,20,3599.9900000000002
game_1006,germany,canada,0,5,1,3.1746,2.1492999999999998,29,19,6,2,5,4,10,8,9,18,3600.02
game_1007,guatemala,ethiopia,0,4,2,3.1553,1.7116,31,21,5,4,7,7,14,14,14,28,3600.01
game_1008,south_korea,oman,0,4,2,3.2679,1.873,30,18,6,1,9,14,20,28,23,48,3599.98
game_1009,mongolia,new_zealand,0,2,7,2.4405,3.4256,26,30,3,13,8,4,16,8,12,24,3599.98
game_101,canada,panama,0,2,4,2.8035,2.3543,24,22,2,6,4,5,8,10,9,18,3600.0
game_1010,netherlands,iceland,0,0,4,2.2677,2.0595999999999997,19,20,0,8,9,6,18,15,15,33,3599.99
game_1011,indonesia,uae,0,2,1,2.3026999999999997,1.7260999999999997,27,15,0,2,8,9,16,18,17,34,3599.9900000000002
game_1012,mexico,usa,0,4,3,3.8837,2.001,32,18,3,6,6,6,12,12,12,24,3599.9799999999996
game_1013,panama,rwanda,0,5,1,3.5503,2.2175,25,24,9,2,5,13,10,26,18,36,3600.0
game_1014,kazakhstan,france,0,1,6,1.4778,3.4081,15,29,2,11,5,4,12,8,9,20,3599.99
game_1015,brazil,singapore,1,5,4,5.376500000000001,3.3192999999999997,39,37,6,7,8,11,19,22,19,41,3875.59
game_1016,thailand,vietnam,0,3,1,3.1693000000000002,2.8072,23,30,3,2,6,8,12,16,14,28,3599.98
game_1017,thailand,switzerland,0,5,0,4.5169999999999995,0.8815,35,12,7,0,5,8,10,16,13,26,3599.9900000000002
game_1018,ethiopia,france,0,3,6,3.271,3.0240000000000005,30,28,6,9,8,4,16,8,12,24,3600.01
game_1019,rwanda,germany,0,2,1,2.6954000000000002,2.5323,23,20,3,2,7,8,14,16,15,30,3599.99
game_102,switzerland,ethiopia,1,4,3,4.092899999999999,3.1363,41,31,6,5,15,11,30,22,26,52,4831.5599999999995
game_1020,canada,saudi_arabia,0,5,3,1.8603,2.2325,19,23,7,2,6,5,12,10,11,22,3600.0
game_1021,philippines,kazakhstan,1,1,0,1.5471,2.3171999999999997,17,29,2,0,2,3,4,6,5,10,4449.4
game_1022,netherlands,india,0,2,3,4.026400000000001,2.2817000000000003,34,28,3,5,4,7,8,14,11,22,3600.01
game_1023,iceland,uk,0,1,4,2.8752999999999997,3.1719,25,30,2,5,4,6,11,12,10,23,3600.01
game_1024,uae,new_zealand,0,2,5,2.3761,4.9233,21,38,2,7,8,3,16,6,11,22,3600.0
game_1025,vietnam,peru,1,2,3,4.304399999999999,2.7586000000000004,42,26,3,3,6,5,12,10,11,22,4208.3
game_1026,serbia,china,0,1,7,3.0980000000000003,3.3222,28,30,2,13,5,6,10,12,11,22,3600.0099999999998
game_1027,mexico,guatemala,0,2,6,2.5339,2.3632,24,25,4,8,5,6,10,12,11,22,3600.0
game_1028,indonesia,mongolia,0,5,1,3.4311000000000003,0.9395999999999999,29,12,8,1,0,8,0,16,8,16,3600.0099999999998
game_1029,morocco,singapore,0,5,2,3.2949,3.2119999999999997,30,32,9,2,6,7,12,14,13,26,3600.01
game_103,uae,morocco,0,0,7,2.2586,4.651700000000001,26,41,0,13,10,6,23,12,16,35,3599.98
game_1030,panama,pakistan,0,2,3,3.1241999999999996,2.8034999999999997,26,26,4,6,3,6,6,12,9,18,3600.02
game_1031,brazil,usa,0,2,1,1.9206999999999999,3.8882,15,33,2,2,12,10,24,20,22,44,3599.9699999999993
game_1032,ethiopia,saudi_arabia,0,2,3,2.8853,3.6744,27,35,3,4,7,5,14,10,12,24,3599.99
game_1033,serbia,oman,0,3,2,4.516699999999998,2.7824,35,26,6,3,7,13,14,28,20,42,3599.98
game_1034,uk,usa,0,2,1,3.8018,2.9006,30,25,3,2,3,5,6,10,8,16,3600.01
game_1035,south_korea,kazakhstan,0,7,2,2.8253999999999992,2.8966,26,24,12,4,7,6,14,12,13,26,3600.0
game_1036,mongolia,morocco,1,4,5,2.7335999999999996,3.0033000000000003,33,27,5,9,4,6,8,12,10,20,3819.4100000000003
game_1037,iceland,netherlands,0,0,3,1.1888999999999998,2.4711999999999996,14,26,0,3,6,3,12,6,9,18,3599.9899999999993
game_1038,guatemala,canada,0,4,0,2.9812,2.384,25,27,7,0,8,10,16,20,18,36,3600.02
game_1039,germany,vietnam,0,6,1,3.8338,1.5686000000000002,27,13,12,0,6,7,12,17,13,29,3600.0099999999998
game_104,france,saudi_arabia,0,4,3,2.8417999999999997,3.2648000000000006,26,29,6,6,7,10,14,20,17,34,3599.99
game_1040,singapore,thailand,0,5,6,3.4865999999999997,3.9501999999999997,33,34,6,9,6,6,12,12,12,24,3600.0
game_1041,france,pakistan,1,3,4,2.581,4.1845,22,36,2,8,3,9,6,18,12,24,3763.7300000000005
game_1042,china,peru,1,4,5,2.1611,3.6140000000000003,21,39,8,9,9,4,18,8,13,26,4026.0600000000004
game_1043,philippines,uae,1,3,4,3.0446999999999997,2.3406999999999996,27,26,5,5,5,10,10,20,15,30,4082.08
game_1044,brazil,mexico,0,4,3,2.8258,2.5998,26,25,6,6,9,7,18,14,16,32,3599.9999999999995
game_1045,rwanda,panama,1,2,3,1.9700000000000002,3.6779,20,30,4,6,6,2,12,4,8,16,3616.7999999999997
game_1046,switzerland,india,0,1,2,2.6419,1.2088999999999999,28,14,2,2,6,6,12,14,12,26,3600.0000000000005
game_1047,thailand,brazil,0,1,2,3.2779000000000003,2.1804,24,21,1,4,2,7,4,14,9,18,3599.9899999999993
game_1048,mexico,france,0,2,3,3.4847000000000006,2.3984,31,22,1,6,6,3,12,6,9,18,3600.0
game_1049,uk,saudi_arabia,0,3,0,2.8485,2.0118,24,19,4,0,4,5,8,10,9,18,3600.01
game_105,south_korea,mexico,0,4,3,4.155799999999999,2.5492,38,25,7,5,6,11,12,22,17,34,3600.0099999999993
game_1050,oman,indonesia,0,3,1,3.3428,2.135,24,22,4,1,7,8,14,16,15,30,3599.9900000000002
game_1051,peru,germany,0,4,5,3.8487999999999998,2.1281,31,21,7,5,3,6,6,12,9,18,3599.9900000000002
game_1052,new_zealand,guatemala,0,1,4,2.9713,3.7987,31,34,2,7,6,7,15,14,13,29,3599.99
game_1053,rwanda,mongolia,0,1,4,2.0728,1.8954000000000002,19,20,2,8,3,8,6,18,11,24,3599.99
game_1054,serbia,ethiopia,0,1,4,3.9391999999999996,4.1826,34,37,2,6,8,6,19,12,14,31,3600.0000000000005
game_1055,uae,china,1,4,5,4.2933,3.1698,35,30,6,8,6,11,12,22,17,34,4544.66
game_1056,usa,netherlands,1,4,5,3.7184,2.2978,34,22,8,9,5,10,10,20,15,30,4543.360000000001
game_1057,pakistan,kazakhstan,0,3,0,3.1125,1.8738,25,16,4,0,11,5,25,10,16,35,3600.0
game_1058,switzerland,canada,0,5,1,2.6583,2.5002,25,24,9,2,7,8,14,16,15,30,3600.01
game_1059,singapore,south_korea,1,5,4,3.9368999999999996,2.8919,32,29,7,5,4,8,8,16,12,24,4772.69
game_106,new_zealand,kazakhstan,0,2,1,2.5737,3.2426,20,23,1,2,6,3,12,6,9,18,3600.0000000000005
game_1060,vietnam,panama,0,5,2,3.1986,2.6371,28,21,7,4,6,6,12,12,12,24,3600.01
game_1061,morocco,philippines,0,4,2,3.7589,2.4274,34,26,6,4,5,5,10,10,10,20,3599.9900000000002
game_1062,rwanda,singapore,0,0,3,2.8026999999999997,2.9652,28,28,0,3,9,3,18,6,12,24,3599.99
game_1063,serbia,saudi_arabia,0,5,4,2.7532,3.9424999999999994,26,29,8,7,14,4,28,8,18,36,3599.9800000000005
game_1064,morocco,china,1,3,2,2.3294,2.8881,23,29,5,4,6,6,12,12,12,24,3884.57
game_1065,panama,brazil,0,0,6,1.4819,3.6864999999999997,18,31,0,9,6,7,12,16,13,28,3600.01
game_1066,thailand,ethiopia,0,1,5,3.2164,2.3859,25,27,1,7,6,11,12,22,17,34,3600.02
game_1067,south_korea,india,0,3,7,2.6878,3.3395,24,27,6,12,8,6,16,12,14,28,3600.0
game_1068,mongolia,pakistan,0,2,1,3.4268,3.424,30,30,4,2,5,11,10,22,16,32,3600.01
game_1069,usa,canada,1,6,5,2.7803000000000004,3.405,25,31,9,10,5,5,10,10,10,20,3834.4400000000005
game_107,iceland,netherlands,1,2,1,2.0438,3.5524,19,30,4,2,14,7,28,14,21,42,3667.57
game_1070,oman,uk,1,4,5,2.8284,3.6975,25,30,7,9,7,3,14,6,10,20,3764.6500000000005
game_1071,vietnam,mexico,0,3,4,2.586,2.659,26,24,4,5,4,5,8,10,9,18,3599.98
game_1072,switzerland,indonesia,1,3,4,2.7903000000000002,2.2699,24,25,4,6,7,6,14,12,13,26,3659.7099999999996
game_1073,iceland,germany,0,4,2,3.5351,2.3198999999999996,29,24,5,2,2,2,4,4,4,8,3599.9800000000005
game_1074,netherlands,kazakhstan,0,4,1,3.7104999999999997,1.6946999999999999,28,19,7,2,5,6,10,12,11,22,3600.0000000000005
game_1075,peru,new_zealand,0,6,1,2.8979000000000004,1.1537,21,13,10,2,2,9,4,18,11,22,3599.99
game_1076,uae,france,0,4,2,2.5077000000000003,2.0765000000000002,21,19,8,4,7,8,14,16,15,30,3600.0199999999995
game_1077,philippines,guatemala,0,1,2,2.8295000000000003,2.183,29,25,2,3,3,5,6,10,8,16,3599.98
game_1078,kazakhstan,morocco,0,3,1,2.9099,1.6551,31,15,4,1,6,7,12,14,13,26,3599.98
game_1079,iceland,oman,0,2,3,3.5799999999999996,4.5594,32,40,4,3,6,6,15,12,12,27,3600.0100000000007
game_108,uk,brazil,0,1,2,2.5934,2.9992,22,24,2,3,6,9,12,18,15,30,3599.98
game_1080,netherlands,rwanda,0,4,0,4.4027,1.9603,28,23,8,0,5,13,10,26,18,36,3600.01
game_1081,india,singapore,0,0,3,3.5939000000000005,2.4286999999999996,33,24,0,4,6,5,12,10,11,22,3600.02
game_1082,china,ethiopia,1,6,5,5.426,2.8539000000000003,49,29,8,6,8,8,16,16,16,32,3605.2700000000004
game_1083,mexico,philippines,1,2,1,4.7853,1.6051000000000002,36,19,2,0,7,11,14,22,18,36,4314.4400000000005
game_1084,pakistan,peru,0,2,0,2.9154,2.1020999999999996,24,20,3,0,5,6,10,12,11,22,3600.03
game_1085,south_korea,mongolia,0,5,1,3.8981000000000003,1.449,36,19,7,0,3,3,6,6,6,12,3600.02
game_1086,serbia,saudi_arabia,0,3,2,3.5434,2.1169,29,22,3,1,5,6,12,12,11,24,3600.0099999999993
game_1087,switzerland,guatemala,0,6,1,1.9166000000000003,2.4302,26,25,10,2,7,5,14,10,12,24,3599.9900000000002
game_1088,panama,canada,0,11,3,3.898,2.7763,31,27,17,4,5,8,10,16,13,26,3599.99
game_1089,new_zealand,usa,1,4,3,5.7272,3.0822,43,23,7,5,9,12,18,24,21,42,4413.69
game_109,south_korea,rwanda,0,4,5,4.6931,3.3729999999999998,38,31,8,8,7,10,14,20,17,34,3600.0
game_1090,vietnam,uk,0,1,0,2.3861999999999997,3.0049,20,23,1,0,6,6,12,12,12,24,3600.0000000000005
game_1091,france,indonesia,0,6,3,4.4846,2.7975999999999996,35,25,12,5,6,9,12,18,15,30,3599.99
game_1092,brazil,thailand,0,4,1,3.4282,2.2822,27,22,8,2,7,8,14,16,15,30,3600.01
game_1093,uae,germany,0,3,2,2.7509,2.2137,21,23,5,3,4,10,8,20,14,28,3600.0
game_1094,france,peru,1,2,3,2.2032000000000003,2.2652,22,21,2,6,8,4,16,8,12,24,4210.790000000001
game_1095,iceland,brazil,0,0,2,1.7643000000000002,1.9794,20,16,0,2,7,3,14,6,10,20,3600.0099999999998
game_1096,india,new_zealand,0,2,0,2.1896,2.6035000000000004,20,25,3,0,5,4,10,8,9,18,3599.99
game_1097,singapore,netherlands,0,5,1,4.108199999999999,2.3211000000000004,33,22,9,2,4,6,8,12,10,20,3600.0
game_1098,china,oman,0,7,3,5.2954,3.0054999999999996,35,28,9,4,9,15,20,30,24,50,3600.0200000000004
game_1099,saudi_arabia,canada,0,6,1,4.0597,1.4864,35,16,11,2,3,11,6,25,14,31,3599.99
game_11,panama,canada,0,5,1,2.5171,2.2663999999999995,23,22,9,2,2,6,4,12,8,16,3600.0
game_110,switzerland,morocco,0,4,5,3.4514,3.0471,32,29,7,6,8,9,16,18,17,34,3600.03
game_1100,mongolia,serbia,0,2,5,2.3367,4.8365,30,38,4,8,8,3,18,6,11,24,3600.01
game_1101,indonesia,uk,0,3,2,3.0058000000000002,3.0455,31,20,3,4,5,4,10,8,9,18,3600.000000000001
game_1102,philippines,guatemala,0,2,1,3.9114000000000004,2.6304,38,27,4,2,4,8,8,16,12,24,3600.0
game_1103,kazakhstan,ethiopia,1,3,4,2.3396999999999997,3.4691,24,24,5,5,6,6,14,12,12,26,3614.2099999999996
game_1104,mexico,pakistan,1,5,4,4.2736,3.2857,40,27,9,7,10,8,20,16,18,36,3841.46
game_1105,usa,uae,0,6,0,3.4735000000000005,1.8276000000000001,36,21,10,0,2,3,4,6,5,10,3600.0000000000005
game_1106,panama,south_korea,1,2,3,1.627,3.9055999999999997,15,36,4,6,6,4,12,10,10,22,3751.88
game_1107,morocco,thailand,0,4,3,2.146,3.6079,25,33,7,3,3,4,6,8,7,14,3600.01
game_1108,vietnam,germany,1,5,4,3.8717999999999995,4.508299999999999,29,38,8,6,6,11,14,22,17,36,3913.09
game_1109,rwanda,switzerland,0,3,4,3.4766,2.5826999999999996,25,23,6,5,9,10,18,20,19,38,3600.03
game_111,oman,china,0,2,6,3.1386,3.9592,31,31,3,10,11,5,22,13,16,35,3600.0099999999998
game_1110,thailand,saudi_arabia,0,4,3,4.4671,2.7911000000000006,32,26,6,6,7,11,14,22,18,36,3599.99
game_1111,china,germany,0,5,2,4.348800000000001,2.1197,30,24,8,2,2,9,4,18,11,22,3600.0
game_1112,morocco,kazakhstan,0,3,1,1.8859000000000004,2.7004,19,27,5,2,6,4,12,8,10,20,3599.9900000000002
game_1113,pakistan,south_korea,0,7,5,2.7595,3.7171,25,35,10,8,5,8,10,16,13,26,3599.9799999999996
game_1114,rwanda,mongolia,1,2,3,3.5153,1.6195000000000002,30,20,4,6,5,15,10,30,20,40,4067.99
game_1115,vietnam,serbia,0,2,3,2.3965,3.7512,20,31,1,3,11,10,22,20,21,42,3600.03
game_1116,philippines,ethiopia,0,1,3,4.2116999999999996,1.8971999999999998,37,18,1,6,7,9,14,18,16,32,3599.9900000000002
game_1117,new_zealand,brazil,0,4,3,2.8779000000000003,4.2258,33,31,6,5,7,6,16,12,13,28,3599.98
game_1118,oman,switzerland,0,1,2,1.4752,2.7171999999999996,15,26,2,3,6,5,12,12,11,24,3600.01
game_1119,india,france,0,4,0,3.3740000000000006,1.8119,33,19,6,0,6,3,12,6,9,18,3599.9900000000002
game_112,ethiopia,serbia,0,1,4,2.4629,3.5258,28,36,1,4,4,0,8,0,4,8,3600.0
game_1120,usa,peru,0,4,1,2.6696,2.7429,27,26,5,2,6,3,12,9,9,21,3600.0
game_1121,panama,mexico,0,1,5,2.0311000000000003,4.3542000000000005,22,29,2,7,13,4,26,8,17,34,3599.99
game_1122,indonesia,singapore,0,3,2,4.1576,2.9683,38,27,4,4,4,6,8,12,10,20,3599.9999999999995
game_1123,uae,iceland,1,2,3,2.6949,2.4379999999999997,27,26,4,1,6,7,12,14,13,26,3739.0299999999997
game_1124,netherlands,guatemala,0,8,1,4.0155,2.7983000000000002,38,24,13,2,6,8,12,16,14,28,3599.9900000000002
game_1125,canada,uk,0,3,2,2.6644,2.819,25,24,4,3,5,3,10,6,8,16,3599.9800000000005
game_1126,india,thailand,0,3,1,2.5825,2.7753,27,25,4,1,4,10,8,20,14,28,3600.0200000000004
game_1127,germany,morocco,0,3,4,3.6186000000000003,2.9495999999999998,30,27,5,5,3,9,6,18,12,24,3600.0000000000005
game_1128,saudi_arabia,philippines,1,2,3,2.4696999999999996,2.5324,25,26,2,5,4,2,8,4,6,12,3727.68
game_1129,ethiopia,brazil,0,3,2,2.4153,2.2243000000000004,26,19,5,3,4,6,8,12,10,20,3600.0200000000004
game_113,saudi_arabia,iceland,0,1,2,2.7510000000000003,2.0599,22,22,2,4,3,5,6,10,8,16,3600.01
game_1130,france,uae,1,2,3,5.128199999999999,1.9399000000000002,39,19,4,4,3,11,6,22,14,28,4196.82
game_1131,indonesia,guatemala,0,3,4,1.9552,2.9086000000000003,21,28,4,8,5,5,10,10,10,20,3600.0199999999995
game_1132,oman,rwanda,0,2,1,2.8761,2.5289,22,24,4,2,7,11,14,22,18,36,3600.01
game_1133,kazakhstan,uk,0,3,2,1.9912999999999998,3.6706,18,27,4,4,4,4,8,8,8,16,3600.0
game_1134,usa,netherlands,1,2,3,2.9846000000000004,2.6827,30,22,3,6,7,7,14,14,14,28,3906.86
game_1135,pakistan,serbia,0,5,1,3.8878000000000004,2.2580999999999998,36,19,7,1,9,6,18,12,15,30,3599.9900000000002
game_1136,vietnam,panama,0,2,1,3.5886,3.1555,30,25,3,2,5,7,10,17,12,27,3600.0099999999998
game_1137,peru,south_korea,0,1,2,2.5262000000000002,2.5174,21,29,2,4,3,5,6,10,8,16,3599.9900000000002
game_1138,mongolia,mexico,0,4,0,3.6221,2.4494,26,25,8,0,1,13,2,26,14,28,3600.0
game_1139,china,iceland,0,2,4,2.8613,2.991,26,28,1,8,6,7,12,14,13,26,3600.0099999999998
game_114,india,peru,0,2,0,2.17,1.3413000000000002,21,15,4,0,1,6,2,12,7,14,3600.0
game_1140,canada,new_zealand,1,3,2,4.7623999999999995,3.0145999999999993,36,32,5,2,4,13,8,26,17,34,4291.91
game_1141,mexico,thailand,0,3,4,3.1353999999999997,2.4191999999999996,30,22,3,6,10,6,20,12,16,32,3600.000000000001
game_1142,netherlands,pakistan,0,2,1,2.9462,1.9079000000000002,23,20,4,1,1,10,2,20,11,22,3600.0099999999998
game_1143,rwanda,iceland,0,4,3,2.4326,2.1768000000000005,24,18,7,3,7,4,14,10,11,24,3600.0099999999998
game_1144,ethiopia,panama,0,1,4,2.9519,3.4752,29,34,2,6,8,6,16,12,14,28,3600.0099999999998
game_1145,serbia,switzerland,0,1,5,2.213,3.5692,17,41,0,9,6,8,12,16,14,28,3599.9999999999995
game_1146,saudi_arabia,vietnam,1,4,3,3.9317999999999995,1.2534,28,15,4,3,2,11,4,24,13,28,3642.75
game_1147,mongolia,oman,0,7,5,3.6458000000000004,3.1969,32,30,10,8,2,11,4,22,13,26,3599.99
game_1148,canada,uae,1,4,5,3.3057000000000003,3.9327999999999994,36,31,5,8,14,7,28,14,21,42,4838.11
game_1149,france,peru,0,2,8,3.3144,3.3444999999999996,27,32,1,11,4,6,11,12,10,23,3599.99
game_115,pakistan,mexico,0,1,0,3.4947,3.4216,30,28,1,0,10,10,20,20,20,40,3600.02
game_1150,uk,india,0,1,4,2.9208000000000003,2.1167000000000002,25,20,2,5,5,5,10,10,10,20,3600.01
game_1151,kazakhstan,singapore,1,3,2,3.7367,2.4181999999999997,34,22,5,2,4,8,8,16,12,24,4437.29
game_1152,morocco,germany,0,4,2,3.5156000000000005,2.6856,30,25,6,2,5,6,10,12,11,22,3600.01
game_1153,china,philippines,0,3,1,2.9532,2.3764,25,26,5,2,3,5,6,12,8,18,3600.0099999999998
game_1154,new_zealand,indonesia,0,2,3,3.7247999999999997,2.5194000000000005,34,24,4,4,5,6,10,12,11,22,3600.0
game_1155,brazil,south_korea,1,5,4,4.7269000000000005,2.829,41,31,9,5,5,8,10,16,13,26,4592.660000000001
game_1156,uae,new_zealand,0,1,5,0.8879999999999999,1.7174000000000003,8,19,2,7,7,3,14,6,10,20,3599.9900000000002
game_1157,oman,saudi_arabia,0,4,3,3.3018999999999994,3.4792,29,25,7,6,13,8,26,16,21,42,3599.9900000000002
game_1158,rwanda,uk,1,3,2,2.8126,3.1551,23,28,5,4,10,5,20,10,15,30,3661.9000000000005
game_1159,thailand,indonesia,1,3,2,3.9622,2.1705,29,21,5,4,10,3,20,6,13,26,4315.360000000001
game_116,guatemala,philippines,0,4,2,3.6717999999999997,2.4827,31,25,8,3,8,9,19,18,17,37,3600.0099999999998
game_1160,pakistan,south_korea,1,3,2,3.451,2.3808000000000002,26,23,6,3,4,11,8,25,15,33,3604.0300000000007
game_1161,mongolia,germany,1,3,2,4.759,3.2117999999999998,43,26,5,3,4,7,8,14,11,22,5080.84
game_1162,serbia,singapore,0,8,2,4.7858,1.69,37,20,14,4,3,9,6,18,12,24,3600.0
game_1163,mexico,morocco,0,4,2,2.2455000000000003,2.1913,27,23,7,4,7,5,14,10,12,24,3600.0200000000004
game_1164,india,switzerland,0,5,0,2.716,1.5854,31,18,6,0,4,5,8,10,9,18,3600.02
game_1165,ethiopia,guatemala,0,4,6,3.4528,3.6352,37,33,3,9,5,8,10,16,13,26,3600.0
game_1166,netherlands,kazakhstan,1,4,3,3.7712000000000003,2.7457000000000003,32,25,7,5,7,6,14,12,13,26,4387.64
game_1167,china,panama,0,2,1,3.3895,2.8231000000000006,29,22,4,2,3,6,6,12,9,18,3600.0099999999998
game_1168,iceland,france,0,4,0,3.4577999999999998,3.1283,28,26,7,0,9,4,20,8,13,28,3600.0
game_1169,philippines,usa,0,0,6,2.768,2.3726,28,23,0,9,4,3,8,6,7,14,3599.9900000000002
game_117,panama,mongolia,0,4,2,3.0484,2.3748,25,25,5,4,5,6,10,12,11,22,3600.0099999999998
game_1170,brazil,vietnam,0,7,0,3.6633,1.2837999999999998,26,17,13,0,4,5,8,12,9,20,3599.9800000000005
game_1171,canada,peru,0,5,3,3.2755999999999994,3.2580999999999998,27,31,6,5,5,9,10,18,14,28,3600.0099999999998
game_1172,panama,guatemala,1,3,2,3.8167999999999997,2.2099,39,24,6,3,2,6,4,12,8,16,3650.4
game_1173,uae,south_korea,1,3,4,3.2647,3.1823000000000006,28,38,4,5,3,8,6,16,11,22,4642.82
game_1174,peru,morocco,1,3,4,2.3283,2.8256,28,31,6,8,6,4,12,8,10,20,3955.01
game_1175,switzerland,thailand,0,1,4,1.3855000000000002,4.357899999999999,18,38,2,6,5,3,10,6,8,16,3599.9900000000002
game_1176,mongolia,saudi_arabia,0,2,1,1.8262000000000003,3.2551,21,28,2,2,3,7,6,14,10,20,3599.9999999999995
game_1177,ethiopia,usa,0,5,3,2.1893999999999996,2.3498,20,22,7,6,4,3,8,6,7,14,3599.9900000000002
game_1178,pakistan,rwanda,0,2,3,3.2155,2.4511000000000003,24,18,1,6,8,8,18,16,16,34,3599.9700000000003
game_1179,china,iceland,0,0,1,3.2892,1.4912999999999998,27,17,0,1,3,7,6,14,10,20,3599.9800000000005
game_118,uk,canada,1,3,4,2.6863,3.8437000000000006,23,32,5,7,6,1,12,2,7,14,4058.9799999999996
game_1180,indonesia,serbia,0,3,2,2.6808,3.6145999999999994,24,31,6,3,6,8,12,16,14,28,3600.0300000000007
game_1181,south_korea,canada,0,6,3,2.6339,2.8686000000000003,26,26,10,3,7,4,14,8,11,22,3600.02
game_1182,germany,mexico,0,2,4,2.5494000000000003,2.6141,20,21,4,2,5,9,10,18,14,28,3600.0
game_1183,kazakhstan,oman,0,3,4,3.5333999999999994,3.2925,30,27,6,4,4,8,8,16,12,24,3600.0000000000005
game_1184,panama,uae,0,4,3,3.0124,1.7227999999999999,26,17,6,6,3,5,6,10,8,16,3599.9700000000007
game_1185,france,netherlands,0,1,2,2.9070000000000005,2.8339000000000003,24,27,2,4,3,10,6,20,13,26,3600.020000000001
game_1186,singapore,guatemala,1,2,3,2.5205,2.9383,26,25,3,3,9,5,18,10,14,28,3902.7499999999995
game_1187,uk,new_zealand,0,2,4,3.3335,3.5099,22,28,2,6,5,8,10,16,13,26,3600.0199999999995
game_1188,brazil,india,0,7,2,4.463800000000001,2.1889000000000003,33,29,12,2,6,7,12,14,13,26,3600.0000000000005
game_1189,vietnam,philippines,0,3,2,3.5345000000000004,1.8243000000000003,27,16,3,3,7,10,14,20,17,34,3599.9900000000002
game_119,kazakhstan,new_zealand,0,6,9,2.8767,3.0986,26,30,12,11,4,7,8,14,11,22,3599.9999999999995
game_1190,vietnam,india,0,2,3,3.9976000000000007,2.7079000000000004,34,24,3,6,5,7,10,14,12,24,3600.0
game_1191,brazil,morocco,0,5,2,2.6833,1.8627,24,23,9,3,3,5,6,12,8,18,3600.02
game_1192,china,usa,0,5,1,3.9073999999999995,2.7102000000000004,31,24,7,1,6,4,12,8,10,20,3600.03
game_1193,iceland,guatemala,0,7,4,3.1444,2.9771,36,28,10,6,8,6,16,12,14,28,3599.9999999999995
game_1194,serbia,new_zealand,0,1,4,2.1085000000000003,3.1565,19,31,1,7,8,5,16,10,13,26,3599.99
game_1195,south_korea,pakistan,0,5,4,3.7971999999999997,3.5792000000000006,29,29,8,7,12,14,26,28,26,54,3600.02
game_1196,saudi_arabia,mongolia,0,2,0,3.6502,1.5601,29,20,2,0,1,7,2,14,8,16,3599.9900000000002
game_1197,mexico,germany,1,2,3,2.5044,3.4338,19,31,3,5,7,8,14,18,15,32,3790.9399999999996
game_1198,rwanda,netherlands,0,5,1,2.9448,2.3952999999999998,28,19,6,0,8,6,16,14,14,30,3600.02
game_1199,uk,singapore,1,5,6,3.9566000000000003,5.776599999999999,33,42,8,10,9,3,18,6,12,24,3714.370000000001
game_12,philippines,south_korea,0,2,1,2.1502,3.8327999999999998,19,34,2,1,10,8,20,16,18,36,3600.01
game_120,indonesia,netherlands,0,3,2,2.0773,2.092,21,20,6,4,3,6,6,12,9,18,3600.0099999999998
game_1200,panama,thailand,1,2,1,3.2182000000000004,2.8923,27,21,3,2,7,8,14,16,15,30,4024.0699999999997
game_1201,indonesia,switzerland,0,2,4,3.1342999999999996,2.289,29,25,2,5,5,12,10,24,17,34,3599.9999999999995
game_1202,canada,france,0,2,1,2.9178,2.055,26,19,4,2,3,4,6,8,7,14,3599.99
game_1203,philippines,oman,0,2,4,3.1130000000000004,1.8054,28,19,4,5,3,8,6,19,11,25,3600.02
game_1204,peru,kazakhstan,0,1,2,2.0454000000000003,2.8929,18,24,1,4,8,5,16,10,13,26,3599.99
game_1205,uae,ethiopia,1,5,4,4.3243,1.8041,36,20,9,6,3,10,6,20,13,26,4053.16
game_1206,canada,thailand,0,3,1,2.6348000000000003,3.2997,23,28,5,2,7,9,17,18,16,35,3600.0000000000005
game_1207,germany,pakistan,0,5,6,3.8824,3.7237999999999998,26,33,8,8,3,10,6,20,13,26,3600.0000000000005
game_1208,china,saudi_arabia,1,0,1,3.5344,3.6847000000000003,32,38,0,2,8,9,16,18,17,34,5996.81
game_1209,morocco,switzerland,0,7,1,3.3883,2.0261,33,29,14,1,7,17,14,36,24,50,3599.98
game_121,vietnam,germany,0,0,5,2.0944000000000003,3.7019,19,28,0,10,7,2,14,4,9,18,3599.9800000000005
game_1210,south_korea,new_zealand,0,1,2,3.2166,2.6258,30,20,1,3,12,6,24,12,18,36,3600.0000000000005
game_1211,peru,rwanda,0,4,0,3.3933999999999997,1.6512,27,17,8,0,5,9,10,18,14,28,3600.01
game_1212,singapore,philippines,1,5,6,4.0756,3.1505,38,26,5,10,11,8,22,16,19,38,3939.39
game_1213,france,kazakhstan,0,1,4,2.6664000000000003,2.0064,21,18,2,5,6,7,12,14,13,26,3599.98
game_1214,ethiopia,india,0,3,2,2.567,3.4947,22,37,6,4,7,6,14,14,13,28,3600.020000000001
game_1215,guatemala,iceland,1,0,1,5.666600000000001,3.5724,52,40,0,2,14,16,28,34,30,62,6206.570000000001
game_1216,oman,serbia,0,2,4,2.2016,2.7748000000000004,18,25,4,7,8,6,16,12,14,28,3600.0000000000005
game_1217,uk,usa,1,2,3,4.4415000000000004,3.7206,35,28,3,4,8,9,16,18,17,34,4290.21
game_1218,brazil,indonesia,0,4,5,4.2709,2.603,32,28,7,7,9,5,18,10,14,28,3599.9900000000007
game_1219,mongolia,netherlands,0,4,0,1.4301,1.9236,18,19,7,0,2,3,4,6,5,10,3599.99
game_122,thailand,usa,0,5,4,5.577800000000001,2.3909,36,26,7,7,5,12,10,24,17,34,3599.9900000000002
game_1220,vietnam,uae,1,3,2,2.6991000000000005,2.0167,24,17,6,4,7,8,14,16,15,30,4196.0
game_1221,mexico,panama,0,4,1,3.268,2.6377,24,31,7,2,4,6,8,12,10,20,3600.0
game_1222,morocco,usa,0,6,2,3.7708,2.2971000000000004,34,24,7,4,7,10,14,20,17,34,3599.9800000000005
game_1223,rwanda,china,0,2,7,2.3672,2.9383,25,24,4,12,8,2,16,4,10,20,3600.01
game_1224,thailand,ethiopia,0,3,1,4.2104,2.3224,32,24,4,2,6,10,12,22,16,34,3600.0
game_1225,peru,oman,1,6,5,3.129,3.4051,28,28,7,10,9,10,18,22,19,40,3761.45
game_1226,pakistan,mongolia,0,3,0,4.644,1.8997000000000002,36,22,6,0,6,6,12,12,12,24,3599.9900000000002
game_1227,new_zealand,indonesia,0,4,1,2.9972999999999996,1.7406000000000001,25,17,7,2,5,7,10,14,12,24,3599.9799999999996
game_1228,switzerland,singapore,0,0,1,2.0915,2.7674000000000007,23,28,0,1,7,4,16,10,11,26,3599.9999999999995
game_1229,guatemala,serbia,1,2,3,3.0536,3.8689999999999998,24,41,2,5,10,8,20,16,18,36,4051.8800000000006
game_123,uae,brazil,1,3,2,3.6558,2.5517000000000003,34,25,5,3,3,14,6,28,17,34,4564.74
game_1230,mexico,canada,0,4,1,2.6092,2.004,24,22,8,1,7,9,14,18,16,32,3599.99
game_1231,india,kazakhstan,1,2,3,2.4871,2.4838,23,26,1,5,4,4,11,8,8,19,3799.32
game_1232,vietnam,iceland,1,5,6,3.2425,3.5093000000000005,30,28,7,8,6,9,12,18,15,30,4588.43
game_1233,panama,germany,0,7,1,3.4805,2.0993,30,19,13,1,5,6,10,12,11,22,3600.02
game_1234,uk,france,0,4,2,3.3625000000000003,3.0770999999999997,26,28,7,3,2,4,4,8,6,12,3599.98
game_1235,netherlands,philippines,0,6,1,3.0529,1.1131000000000002,24,15,7,2,1,10,2,20,11,22,3600.01
game_1236,south_korea,brazil,0,2,4,3.277,4.857499999999999,33,32,2,4,10,7,20,17,17,37,3599.98
game_1237,serbia,netherlands,0,5,2,4.035200000000001,2.3436,33,28,8,4,1,6,2,12,7,14,3600.0
game_1238,indonesia,thailand,0,1,2,2.0231000000000003,5.831500000000001,19,41,1,3,4,7,11,14,11,25,3600.01
game_1239,canada,ethiopia,1,4,3,3.8552999999999997,2.7434999999999996,39,29,6,6,7,9,14,18,16,32,5031.099999999999
game_124,singapore,france,0,4,3,3.0450000000000004,4.805300000000001,29,39,6,5,10,5,20,10,15,30,3599.99
game_1240,saudi_arabia,mexico,0,4,3,2.3460999999999994,2.8565,19,26,7,3,4,7,11,14,11,25,3600.01
game_1241,oman,germany,0,0,2,3.4396,2.9611,26,22,0,2,8,4,18,8,12,26,3599.99
game_1242,mongolia,uae,1,1,2,2.3951999999999996,2.5221,31,27,2,4,4,3,8,6,7,14,4817.55
game_1243,brazil,peru,1,2,3,3.2283999999999997,2.9332,28,35,3,3,6,6,14,12,12,26,3686.34
game_1244,vietnam,rwanda,0,5,4,4.0587,4.170399999999999,27,29,8,5,6,11,15,22,17,37,3599.99
game_1245,panama,philippines,1,1,2,2.4354999999999998,3.5211,25,33,2,3,10,4,20,8,14,28,4135.9400000000005
game_1246,singapore,uk,0,1,3,2.5768,4.1309,22,32,2,5,8,4,19,8,12,27,3600.0
game_1247,pakistan,china,0,1,4,2.4661,3.877,23,28,1,7,8,7,16,14,15,30,3600.0
game_1248,switzerland,usa,0,5,1,3.6532999999999998,2.6449000000000003,27,24,6,1,8,9,16,18,17,34,3600.01
game_1249,kazakhstan,iceland,1,2,1,3.8844999999999996,2.868,37,26,3,2,3,6,6,12,9,18,3909.0
game_125,usa,thailand,0,3,6,3.1711000000000005,3.2011000000000003,28,26,1,9,4,8,11,16,12,27,3599.9999999999995
game_1250,morocco,south_korea,0,8,4,2.9001,2.4183,27,28,14,8,9,10,18,24,19,42,3600.0199999999995
game_1251,france,india,0,5,3,3.263,3.5993000000000004,28,33,10,5,5,7,10,14,12,24,3599.9800000000005
game_1252,pakistan,morocco,0,7,4,4.1216,2.6421000000000006,37,22,7,7,8,8,16,18,16,34,3600.0099999999998
game_1253,thailand,vietnam,0,9,3,4.5752999999999995,1.8459,33,22,15,4,4,8,8,16,12,24,3600.01
game_1254,philippines,iceland,0,3,2,3.1409999999999996,2.9376,23,24,5,4,6,11,12,25,17,37,3599.99
game_1255,south_korea,mongolia,0,4,2,3.7366999999999995,1.8866,32,17,7,3,8,8,16,18,16,34,3600.0
game_1256,saudi_arabia,brazil,0,2,3,1.9728999999999997,3.234,21,28,4,4,3,3,6,6,6,12,3599.9799999999996
game_1257,usa,france,0,3,5,3.4183,5.0353,25,37,5,8,15,6,32,12,21,44,3599.999999999999
game_1258,rwanda,ethiopia,0,2,5,1.9482,2.5958,20,27,4,8,6,5,12,10,11,22,3599.99
game_1259,indonesia,china,0,4,2,1.8408,2.0413,25,17,6,3,3,1,8,2,4,10,3600.0
game_126,germany,south_korea,0,3,7,1.8212,4.7506,17,37,2,6,12,5,24,10,17,34,3600.0
game_1260,kazakhstan,canada,0,6,5,2.6624,4.1304,22,32,9,8,3,5,6,10,8,16,3600.0099999999998
game_1261,germany,oman,0,3,2,1.9621,4.1615,16,28,5,2,9,8,18,16,17,34,3600.0
game_1262,mexico,new_zealand,0,2,3,3.0643000000000002,2.2590999999999997,23,23,4,4,5,7,10,14,12,24,3600.02
game_1263,panama,guatemala,1,2,3,2.2765999999999997,4.1083,24,43,4,5,7,9,14,18,16,32,4213.3099999999995
game_1264,singapore,netherlands,0,1,10,2.3545,4.7571,20,42,2,16,8,10,16,20,18,36,3600.01
game_1265,serbia,uk,0,2,7,3.4118999999999997,3.2588999999999997,28,31,3,11,6,9,12,18,15,30,3599.99
game_1266,uae,india,0,4,2,3.0343999999999998,3.3943000000000003,26,36,8,3,7,6,14,12,13,26,3600.0099999999998
game_1267,switzerland,peru,1,3,2,4.2363,3.0235999999999996,43,31,4,3,6,14,12,31,20,43,5307.02
game_1268,singapore,usa,0,2,0,3.3373,3.3486000000000002,27,28,4,0,5,7,10,14,12,24,3599.99
game_1269,canada,thailand,0,3,2,3.171,3.2418,31,22,5,3,7,7,14,14,14,28,3600.0000000000005
game_127,morocco,indonesia,0,1,4,2.8938,2.0594,27,25,2,8,3,6,8,12,9,20,3600.0
game_1270,morocco,peru,0,4,2,2.8173,3.6765999999999996,26,30,8,3,7,7,14,14,14,28,3599.9900000000002
game_1271,uae,rwanda,1,4,3,5.2479000000000005,2.5331,35,27,5,6,5,12,15,24,17,39,4552.579999999999
game_1272,mexico,india,0,1,2,2.6555,2.3623,25,28,2,3,9,3,18,6,12,24,3599.9900000000002
game_1273,indonesia,ethiopia,0,3,6,4.0235,2.3354,38,21,6,9,7,13,14,26,20,40,3599.9899999999993
game_1274,south_korea,guatemala,0,3,7,3.8035999999999994,3.3714,36,29,4,11,10,9,20,21,19,41,3600.01
game_1275,germany,mongolia,0,7,5,4.227400000000001,2.2962999999999996,31,24,13,8,5,8,10,16,13,26,3599.9900000000002
game_1276,china,france,1,7,6,4.4421,3.4588999999999994,33,30,11,6,11,8,24,16,19,40,4515.47
game_1277,uk,iceland,0,1,2,2.9646,2.7041,25,24,2,2,6,8,12,16,14,28,3600.01
game_1278,oman,panama,0,7,2,3.2436999999999996,2.8394000000000004,28,26,8,1,5,7,10,14,12,24,3600.0099999999998
game_1279,pakistan,saudi_arabia,0,3,1,2.7713,1.6945000000000001,25,15,6,2,10,9,20,18,19,38,3599.9900000000002
game_128,peru,serbia,1,5,6,4.0969999999999995,4.3952,42,40,7,9,7,6,14,12,13,26,3840.52
game_1280,new_zealand,netherlands,0,2,0,1.5705,3.7451000000000003,15,28,3,0,13,4,26,8,17,34,3600.0199999999995
game_1281,brazil,philippines,0,1,4,3.1281000000000003,1.9272000000000002,25,23,1,5,7,6,14,15,13,29,3600.0199999999995
game_1282,serbia,kazakhstan,0,5,1,3.1024999999999996,2.9013,27,25,9,2,8,2,16,4,10,20,3600.01
game_1283,vietnam,switzerland,0,2,1,2.5345,2.0353,23,19,3,2,3,3,6,6,6,12,3600.02
game_1284,india,saudi_arabia,0,4,2,2.7513,1.8199999999999998,27,19,6,3,4,6,8,12,10,20,3599.99
game_1285,oman,uae,0,5,4,3.8776,2.837,33,23,8,7,10,13,22,29,23,51,3599.9900000000002
game_1286,panama,kazakhstan,1,2,3,3.6178999999999997,2.165,29,17,4,6,8,4,16,8,12,24,3930.0299999999997
game_1287,pakistan,guatemala,0,4,2,3.563,2.208,36,23,8,2,3,6,6,12,9,18,3599.98
game_1288,philippines,serbia,0,3,2,1.9162000000000001,3.7500999999999998,21,31,3,4,4,3,8,6,7,14,3600.0
game_1289,france,usa,0,3,0,3.5960000000000005,1.7559,24,16,3,0,5,11,10,22,16,32,3600.0
game_129,mexico,pakistan,0,1,2,2.7092,2.9556,25,27,2,2,13,7,26,14,20,40,3600.0100000000007
game_1290,brazil,canada,0,7,4,4.6565,1.5865999999999998,35,19,13,6,6,7,12,17,13,29,3599.99
game_1291,iceland,switzerland,0,7,1,3.7774,0.9444,32,12,12,2,3,9,6,18,12,24,3600.0099999999998
game_1292,uk,rwanda,1,4,3,4.796500000000001,2.9492,38,28,7,6,8,15,16,30,23,46,4535.71
game_1293,netherlands,indonesia,0,2,1,2.6132999999999997,2.0378,26,23,3,2,6,3,14,6,9,20,3599.9999999999995
game_1294,mexico,south_korea,0,4,0,2.3731,1.7236999999999998,21,18,5,0,7,5,14,10,12,24,3599.9900000000002
game_1295,new_zealand,morocco,0,5,2,3.7612,1.3257,34,14,8,4,4,7,8,14,11,22,3599.9900000000002
game_1296,peru,singapore,0,7,3,4.365100000000001,3.2345,38,30,12,4,3,7,6,14,10,20,3599.9900000000002
game_1297,philippines,thailand,0,4,5,2.5275,2.6693999999999996,27,22,8,6,4,7,8,14,11,22,3599.9800000000005
game_1298,mongolia,guatemala,1,1,2,2.2592000000000003,3.9669000000000003,28,39,2,3,8,10,16,20,18,36,4515.44
game_1299,pakistan,mexico,0,6,0,4.5464,1.9651999999999998,33,18,8,0,7,11,16,25,18,41,3599.9900000000002
game_13,mexico,brazil,0,1,6,2.7186999999999997,3.2121000000000004,28,27,2,10,7,4,14,8,11,22,3599.9900000000002
game_130,brazil,new_zealand,0,3,2,3.3453999999999997,3.5941,26,30,6,3,15,7,30,14,22,44,3600.0099999999998
game_1300,ethiopia,oman,0,7,3,4.806,3.9402,33,37,11,5,5,16,13,37,21,50,3600.0
game_1301,new_zealand,peru,0,2,1,2.0691,2.8930000000000002,20,23,4,2,6,4,12,8,10,20,3599.99
game_1302,panama,china,0,1,4,2.4669,3.647700000000001,22,32,1,5,6,6,12,12,12,24,3599.9999999999995
game_1303,serbia,usa,0,7,2,4.300600000000001,1.9692,34,21,11,4,5,12,10,26,17,36,3600.0099999999998
game_1304,canada,morocco,0,4,0,4.8654,2.0136,44,23,5,0,2,10,4,20,12,24,3600.0000000000005
game_1305,iceland,kazakhstan,0,2,1,2.8505,2.1149,26,22,2,2,5,5,12,10,10,22,3600.0
game_1306,indonesia,germany,0,4,2,3.2007999999999996,2.4301,25,19,6,2,7,11,14,22,18,36,3599.99
game_1307,vietnam,saudi_arabia,0,5,2,2.7883,3.5167,27,27,7,4,5,4,10,8,9,18,3600.0
game_1308,switzerland,france,0,2,0,1.2708,2.4745,13,24,3,0,7,5,14,10,12,24,3600.0099999999998
game_1309,netherlands,south_korea,0,5,4,4.246,2.3279,29,29,9,5,2,12,4,24,14,28,3600.0000000000005
game_131,philippines,rwanda,0,4,0,2.5222999999999995,2.9266,26,26,8,0,5,4,10,8,9,18,3600.02
game_1310,uk,uae,0,1,3,3.0211,2.1164,21,19,1,5,6,4,12,8,10,20,3600.01
game_1311,brazil,rwanda,0,3,0,2.4804,1.9920999999999998,18,24,5,0,6,5,12,13,11,25,3599.9900000000007
game_1312,india,singapore,1,3,4,3.7095,4.8877,37,48,6,7,6,6,12,12,12,24,4554.63
game_132,saudi_arabia,uk,0,5,4,4.4168,2.7782,32,25,7,6,5,7,10,14,12,24,3599.99
game_133,vietnam,china,0,3,5,4.360399999999999,3.2683000000000004,34,25,6,9,6,10,12,20,16,32,3599.9900000000002
game_134,france,switzerland,1,4,3,2.8584,1.9224999999999999,24,23,6,4,2,9,4,18,11,22,4295.07
game_135,kazakhstan,india,0,1,2,3.9229000000000003,2.3593,35,26,1,3,2,5,4,10,7,14,3600.0
game_136,mongolia,ethiopia,0,2,6,2.2508999999999997,3.2625,26,31,2,9,5,6,10,12,11,22,3599.9900000000002
game_137,oman,netherlands,0,1,3,1.6708000000000003,2.7207000000000003,16,25,2,6,11,6,22,12,17,34,3600.0
game_138,panama,canada,0,4,5,3.0571,3.7975,27,32,7,10,8,7,16,14,15,30,3599.99
game_139,guatemala,singapore,0,2,3,4.0120000000000005,2.0253999999999994,33,21,3,4,6,8,12,16,14,28,3600.0099999999998
game_14,oman,india,0,1,4,2.5179,1.8717,23,18,2,6,3,6,9,12,9,21,3600.0000000000005
game_140,iceland,uae,1,2,3,3.2652,2.9983,28,27,0,5,8,7,24,14,15,38,3728.01
game_141,new_zealand,thailand,1,1,2,1.8622,3.1083000000000003,21,23,0,4,6,2,14,4,8,18,3613.0100000000007
game_142,philippines,rwanda,0,4,1,3.1452,2.575,28,25,6,1,6,13,14,28,19,42,3600.02
game_143,china,mexico,0,3,4,2.7252,2.7602,25,26,5,5,7,11,17,22,18,39,3599.9900000000002
game_144,indonesia,saudi_arabia,0,2,3,2.1598999999999995,2.5393000000000003,21,26,3,6,3,5,6,10,8,16,3600.02
game_145,ethiopia,brazil,0,1,3,2.7948999999999997,3.1630000000000003,30,30,0,2,3,6,6,12,9,18,3600.0000000000005
game_146,kazakhstan,singapore,0,1,3,2.1752000000000002,2.5232,20,21,2,6,2,6,4,12,8,16,3599.9900000000002
game_147,india,south_korea,0,3,6,2.4907,3.5297,20,35,4,11,9,7,18,14,16,32,3599.9999999999995
game_148,morocco,vietnam,0,5,3,4.2935,2.1705,36,23,10,3,7,11,14,22,18,36,3599.9900000000002
game_149,guatemala,usa,0,6,2,3.9877,2.4292,34,34,9,4,4,8,8,16,12,24,3600.0000000000005
game_15,uk,vietnam,1,4,5,3.8033,2.9291000000000005,29,28,5,6,9,10,18,20,19,38,4888.93
game_150,peru,pakistan,0,2,3,3.0735999999999994,3.9513,28,33,3,4,9,6,18,12,15,30,3600.02
game_151,panama,france,0,5,0,2.9764999999999997,2.6001000000000007,21,24,9,0,4,7,8,14,11,22,3599.99
game_152,oman,canada,0,2,3,2.6682000000000006,1.9947,23,20,4,6,2,5,4,10,7,14,3600.0000000000005
game_153,uk,iceland,0,2,0,3.2778000000000005,3.751,27,34,4,0,3,6,6,12,9,18,3599.99
game_154,germany,uae,0,2,6,1.4814,3.3817000000000004,14,31,3,10,8,4,16,8,12,24,3600.0000000000005
game_155,mongolia,serbia,0,1,2,2.9834000000000005,3.5492,35,32,1,4,7,7,14,17,14,31,3600.01
game_156,switzerland,netherlands,0,0,2,1.7052,2.6894,18,24,0,4,6,5,12,10,11,22,3600.0
game_157,china,india,0,4,1,3.3622000000000005,2.0683000000000002,29,24,5,2,4,4,8,8,8,16,3600.0200000000004
game_158,saudi_arabia,morocco,0,4,0,2.3729,2.7426,25,29,7,0,5,2,10,4,7,14,3600.0199999999995
game_159,mexico,rwanda,1,4,3,2.8486999999999996,2.2127000000000003,29,24,5,6,5,9,10,20,14,30,4078.5599999999995
game_16,thailand,france,0,5,4,3.1378999999999997,4.1225000000000005,23,31,6,6,8,5,16,10,13,26,3600.02
game_160,uae,serbia,0,2,1,2.4453,2.0307,26,22,4,2,4,4,10,8,8,18,3600.01
game_161,panama,pakistan,0,3,4,3.2525,2.4871,26,22,6,6,4,3,10,6,7,16,3600.0199999999995
game_162,canada,ethiopia,0,2,4,2.5682000000000005,3.7756999999999996,25,31,4,5,6,6,12,12,12,24,3600.0
game_163,guatemala,philippines,0,3,2,3.1436,2.2883999999999998,27,32,4,4,4,9,10,18,13,28,3599.9900000000002
game_164,germany,usa,0,3,7,3.9229,3.9954000000000005,33,33,5,10,6,6,12,12,12,24,3600.0200000000004
game_165,brazil,oman,0,2,1,4.1720999999999995,2.5871999999999997,28,28,3,2,5,10,10,20,15,30,3600.02
game_166,south_korea,indonesia,0,3,7,2.2327999999999997,3.4256,23,33,4,10,8,1,16,2,9,18,3600.0299999999997
game_167,france,uk,0,5,3,3.5365999999999995,3.3005999999999993,28,28,6,5,5,6,10,12,11,22,3599.9799999999996
game_168,thailand,iceland,0,5,1,3.6693,2.904,32,26,7,2,8,4,18,8,12,26,3600.02
game_169,new_zealand,switzerland,0,3,2,2.5505999999999998,4.6888,18,34,4,3,10,12,20,24,22,44,3600.02
game_17,philippines,peru,0,1,0,2.9395999999999995,2.1472999999999995,29,20,2,0,2,10,4,20,12,24,3599.98
game_170,kazakhstan,vietnam,1,2,1,5.7669,3.031,45,27,3,2,6,11,12,22,17,34,5731.77
game_171,singapore,mongolia,1,3,4,3.6531,3.3801999999999994,27,36,5,7,4,9,8,18,13,26,3775.89
game_172,peru,netherlands,1,1,2,2.936,2.3372,31,23,2,4,9,6,21,12,15,33,4218.38
game_173,serbia,south_korea,0,4,1,2.7184,2.6441999999999997,25,31,8,1,1,5,2,10,6,12,3600.0200000000004
game_174,kazakhstan,saudi_arabia,0,2,1,1.6976000000000002,2.4846999999999997,15,21,3,2,2,6,4,12,8,16,3599.9999999999995
game_175,thailand,morocco,0,6,1,3.2072,2.2519,30,24,7,1,11,4,22,8,15,30,3600.02
game_176,rwanda,peru,0,2,4,2.1867,3.5465999999999998,20,33,3,7,12,5,24,10,17,34,3600.0
game_177,pakistan,iceland,0,0,5,2.8982,2.3304,24,20,0,7,9,10,18,20,19,38,3600.0
game_178,panama,uk,1,4,5,3.4339,3.2557,26,30,8,9,3,6,6,14,9,20,4102.03
game_179,new_zealand,switzerland,0,6,3,2.3417,3.2215,21,28,10,3,8,7,16,14,15,30,3600.01
game_18,india,vietnam,0,4,3,3.5977999999999994,2.211,31,22,6,5,5,5,10,10,10,20,3600.0000000000005
game_180,canada,china,0,1,4,3.5139,2.6961999999999997,37,21,2,7,6,3,12,6,9,18,3599.9900000000002
game_181,vietnam,indonesia,0,3,5,3.8434,3.7832,32,34,6,7,4,4,8,8,8,16,3599.9999999999995
game_182,philippines,germany,1,2,3,3.1041999999999996,3.8101,31,31,4,6,10,5,20,10,15,30,4405.67
game_183,brazil,ethiopia,0,6,3,4.1467,3.3205,33,35,11,5,6,6,12,12,12,24,3599.9900000000002
game_184,usa,india,0,4,3,2.5624000000000002,2.9802,24,26,7,4,9,8,20,16,17,36,3599.9800000000005
game_185,oman,mongolia,0,2,3,4.2196,2.4950999999999994,32,23,4,6,3,4,6,8,7,14,3599.99
game_186,uae,guatemala,1,3,2,2.9905,3.8059,27,35,5,3,7,9,17,18,16,35,3664.7599999999998
game_187,netherlands,mexico,1,3,2,2.9056999999999995,3.5212,27,40,5,3,6,13,12,26,19,38,5502.469999999999
game_188,singapore,france,0,2,1,3.5197,2.9097,25,25,3,2,7,7,14,14,14,28,3599.99
game_189,germany,thailand,0,3,4,4.299799999999999,3.9890999999999996,34,29,5,8,8,10,18,20,18,38,3600.02
game_19,saudi_arabia,canada,1,3,2,3.1115000000000004,2.6092,28,26,6,4,5,4,10,8,9,18,3987.4799999999996
game_190,canada,oman,0,3,4,3.2208000000000006,3.4375,24,28,3,7,4,7,8,14,11,22,3599.9999999999995
game_191,saudi_arabia,pakistan,0,1,4,2.7008,3.0367999999999995,21,30,2,5,4,7,8,14,11,22,3600.0199999999995
game_192,kazakhstan,serbia,0,4,2,2.6996999999999995,3.1984000000000004,27,28,7,2,7,5,14,10,12,24,3599.9900000000007
game_193,rwanda,ethiopia,0,3,4,3.2561,2.8632,27,23,6,5,4,12,8,24,16,32,3599.9900000000007
game_194,mongolia,singapore,0,7,3,3.968,2.4184,36,23,13,5,2,9,4,18,11,22,3599.9999999999995
game_195,peru,indonesia,0,2,3,2.6074000000000006,2.6574999999999998,25,25,2,2,8,5,16,10,13,26,3599.9900000000002
game_196,morocco,china,0,1,0,2.3291,2.6563,28,29,2,0,1,2,2,4,3,6,3599.9800000000005
game_197,panama,guatemala,0,5,6,3.7023999999999995,3.2144999999999997,32,32,8,11,7,8,16,16,15,32,3600.02
game_198,india,usa,0,2,0,3.2500999999999998,1.5380000000000003,28,15,4,0,5,10,10,20,15,30,3600.01
game_199,south_korea,philippines,1,4,3,5.183200000000001,2.8085,47,27,6,5,12,10,24,20,22,44,6191.159999999998
game_2,france,morocco,1,3,2,3.4075,3.0509,31,27,4,4,9,6,18,12,15,30,3797.73
game_20,germany,iceland,0,5,4,2.9139000000000004,3.0934000000000004,27,26,7,7,4,7,8,14,11,22,3600.0
game_200,mexico,iceland,0,4,2,4.2481,1.7979,34,19,5,3,2,11,4,22,13,26,3600.0299999999993
game_201,switzerland,new_zealand,1,4,3,3.7707,4.9785,38,44,7,5,13,6,28,12,19,40,5047.27
game_202,netherlands,vietnam,1,2,3,3.6823,1.9585000000000004,28,23,4,6,4,10,8,23,14,31,3856.9500000000003
game_203,switzerland,iceland,0,0,1,2.2958000000000003,2.4045,20,24,0,2,4,9,8,18,13,26,3599.9999999999995
game_204,philippines,netherlands,0,3,2,2.3075000000000006,1.8174,27,16,4,2,7,6,16,12,13,28,3600.01
game_205,china,uae,0,2,0,2.4751000000000003,2.4989,24,23,4,0,7,6,14,12,13,26,3599.9799999999996
game_206,thailand,brazil,0,3,6,3.7418,2.8872999999999998,33,25,6,9,8,7,16,14,15,30,3600.0000000000005
game_207,usa,india,0,4,3,4.1051,3.6565,31,34,4,4,9,9,18,18,18,36,3599.9700000000003
game_208,serbia,guatemala,0,1,6,3.1249,2.4396,35,26,2,5,12,11,24,22,23,46,3600.01
game_209,india,usa,1,5,4,2.9415999999999998,3.3559,28,32,7,5,9,7,18,14,16,32,4236.81
game_21,serbia,pakistan,0,5,1,3.1109,2.8301,27,29,7,1,4,6,8,12,10,20,3599.9799999999996
game_210,germany,china,0,2,3,2.3107,3.8446000000000002,19,30,3,6,3,9,6,18,12,24,3600.01
game_211,peru,mexico,0,1,2,2.2736,2.0702999999999996,24,21,2,3,5,5,10,10,10,20,3599.9999999999995
game_212,pakistan,uae,0,4,0,2.9742000000000006,1.9813,29,19,5,0,10,7,20,14,17,34,3599.9799999999996
game_213,guatemala,netherlands,0,4,0,2.3145,2.5050000000000003,25,30,8,0,5,4,10,8,9,18,3600.0
game_214,france,thailand,0,2,1,2.8247999999999998,2.2197000000000005,27,17,2,2,4,8,8,16,12,24,3600.02
game_215,saudi_arabia,rwanda,0,4,2,3.867,2.7359,30,26,7,2,5,10,12,20,15,32,3599.9999999999995
game_216,ethiopia,uk,0,1,6,3.0923000000000003,3.0855,27,25,2,7,11,4,22,10,15,32,3599.9900000000002
game_217,kazakhstan,south_korea,0,5,0,4.1695,1.3887,35,13,10,0,3,12,6,24,15,30,3599.98
game_218,oman,morocco,1,6,5,3.3498,3.2667,30,32,9,9,9,6,18,12,15,30,3769.0399999999995
game_219,philippines,indonesia,1,4,3,3.3724,2.5261,28,25,7,6,6,10,12,20,16,32,4243.68
game_22,ethiopia,mongolia,0,2,1,3.0645,2.0284999999999997,28,24,4,1,4,5,8,10,9,18,3600.0199999999995
game_220,singapore,new_zealand,0,6,1,4.953200000000001,3.2443999999999997,35,30,9,2,8,11,16,22,19,38,3600.01
game_221,serbia,panama,0,4,5,3.0437000000000003,3.7805999999999997,29,34,7,7,5,3,10,6,8,16,3599.99
game_222,canada,iceland,0,3,7,3.9868,3.55,34,32,5,10,7,10,14,20,17,34,3600.0
game_223,switzerland,vietnam,0,1,0,3.4053,2.1896,27,22,0,0,4,7,8,14,11,22,3600.01
game_224,mongolia,brazil,0,3,4,2.9785999999999997,2.1799,32,15,6,6,13,7,26,14,20,40,3600.0100000000007
game_225,rwanda,saudi_arabia,0,6,0,2.8146000000000004,1.8239,29,16,7,0,6,5,12,10,11,22,3600.01
game_226,germany,thailand,0,3,4,2.9486,3.6186000000000003,28,28,4,8,4,5,8,10,9,18,3599.9999999999995
game_227,france,china,1,1,2,3.4704999999999995,2.6376999999999997,30,24,0,4,2,9,4,22,11,26,4306.19
game_228,ethiopia,pakistan,1,2,3,3.9555000000000002,3.7581,34,36,4,4,9,16,18,32,25,50,3931.0299999999997
game_229,indonesia,brazil,0,3,4,2.1241,2.4152000000000005,23,22,4,5,3,9,6,18,12,24,3600.01
game_23,uae,usa,0,4,3,2.4256,3.075,25,28,4,3,8,7,16,14,15,30,3599.9900000000002
game_230,peru,uae,0,0,1,3.652,2.0852,33,21,0,2,4,4,8,8,8,16,3600.02
game_231,mexico,serbia,1,2,1,3.9560999999999993,3.2310000000000003,35,36,3,2,4,8,8,16,12,24,3848.52
game_232,new_zealand,india,0,0,2,4.397900000000001,1.8871,37,19,0,1,4,8,8,16,12,24,3599.9999999999995
game_233,canada,mongolia,1,2,1,2.1998,2.3226,21,27,2,2,6,4,12,8,10,20,3986.6699999999996
game_234,netherlands,usa,0,7,3,6.4725,1.5973,40,18,11,5,3,17,6,36,20,42,3599.9900000000002
game_235,singapore,kazakhstan,0,5,2,3.0717,3.2417999999999996,27,34,7,4,4,4,8,8,8,16,3600.01
game_236,guatemala,vietnam,0,2,3,2.4452,2.5019,20,28,4,6,6,5,12,10,11,22,3600.0
game_237,iceland,south_korea,0,8,2,5.439,1.6396000000000002,37,18,11,4,3,16,6,37,19,43,3599.9900000000002
game_238,philippines,panama,1,5,6,2.0289,4.2474,23,35,8,6,7,0,14,0,7,14,3790.8300000000004
game_239,morocco,oman,0,4,0,3.5059,1.8033000000000001,31,23,8,0,4,6,8,12,10,20,3600.0
game_24,oman,new_zealand,0,2,1,2.3992999999999998,3.5362,21,26,2,1,10,7,20,14,17,34,3600.0
game_240,switzerland,uk,0,2,0,2.4679,2.7894,24,23,3,0,6,4,12,8,10,20,3599.9799999999996
game_241,india,france,0,4,2,3.3458,3.0723000000000007,30,31,6,4,2,7,4,14,9,18,3600.0
game_242,china,philippines,0,4,0,3.8232,1.7106000000000001,32,20,7,0,3,6,6,12,9,18,3600.0099999999998
game_243,new_zealand,peru,0,0,4,1.8833000000000002,2.6502,19,24,0,8,7,4,14,8,11,22,3599.99
game_244,saudi_arabia,vietnam,1,0,1,2.5715000000000003,3.0850999999999997,21,29,0,2,8,7,16,14,15,30,4353.599999999999
game_245,morocco,netherlands,1,5,4,3.6181,3.1845,37,32,6,5,3,5,6,10,8,16,3764.7100000000005
game_246,rwanda,south_korea,0,2,3,2.7139,3.8026,23,30,3,6,10,5,20,10,15,30,3600.0
game_247,iceland,ethiopia,0,0,3,3.1789,2.213,32,23,0,4,5,4,10,8,9,18,3599.98
game_248,uk,switzerland,0,5,1,3.7244,1.6054,30,19,10,2,4,8,8,16,12,24,3600.0
game_249,pakistan,mongolia,0,5,0,3.3201,1.5301,29,19,10,0,6,9,12,20,15,32,3599.9999999999995
game_25,brazil,uk,0,1,0,2.3157,3.3295000000000003,18,32,0,0,4,2,8,4,6,12,3599.9999999999995
game_250,thailand,serbia,0,3,1,4.1261,2.7911,37,25,3,2,6,7,12,14,13,26,3600.04
game_251,panama,usa,0,6,1,2.9584999999999995,1.9467999999999999,23,15,7,2,8,6,16,12,14,28,3599.99
game_252,brazil,guatemala,0,3,2,3.3729999999999998,2.0723000000000003,31,22,4,4,9,9,18,18,18,36,3599.9900000000002
game_253,mexico,indonesia,0,1,3,2.8215,2.2965999999999998,26,22,2,5,6,2,12,4,8,16,3600.0
game_254,uae,singapore,0,1,4,3.2648,2.3743999999999996,25,21,1,6,7,12,14,24,19,38,3599.99
game_255,oman,kazakhstan,1,4,3,4.5285,3.6954000000000002,36,30,7,4,16,10,32,22,26,54,6137.96
game_256,canada,germany,1,2,3,2.324,1.6838,19,15,4,5,3,5,9,10,8,19,3996.91
game_257,rwanda,morocco,0,5,3,2.838,3.2036000000000002,26,35,10,5,10,7,20,14,17,34,3599.9900000000002
game_258,peru,vietnam,0,4,0,2.5224,1.3449999999999998,23,16,6,0,3,7,6,14,10,20,3600.01
game_259,thailand,mongolia,0,1,2,3.2670000000000003,2.3615999999999997,21,22,2,3,10,10,22,20,20,42,3599.9900000000002
game_26,guatemala,rwanda,0,3,1,3.1877,2.5610999999999997,27,25,1,2,9,11,18,25,20,43,3600.0000000000005
game_260,iceland,usa,1,2,3,2.643,3.4806999999999997,22,36,4,5,7,8,14,16,15,30,3642.0699999999997
game_261,saudi_arabia,ethiopia,0,3,2,3.1295,2.8939,27,29,3,1,6,10,12,20,16,32,3600.01
game_262,indonesia,china,1,2,3,3.8886,3.7605000000000004,40,31,4,5,5,11,12,22,16,34,4758.51
game_263,uk,mexico,0,5,2,3.1439999999999997,4.4326,29,39,8,2,4,5,8,10,9,18,3599.97
game_264,kazakhstan,india,0,2,3,2.3061000000000003,2.5155000000000003,26,24,4,6,7,2,14,4,9,18,3600.0099999999998
game_265,france,south_korea,1,4,3,3.0114,2.5624000000000002,26,21,4,3,6,4,12,8,10,20,3686.7500000000005
game_266,guatemala,oman,1,4,3,3.3117999999999994,3.5896999999999997,29,34,6,4,10,11,20,22,21,42,4190.320000000001
game_267,pakistan,germany,0,3,1,3.1544999999999996,2.4274,25,20,5,0,6,7,12,14,13,26,3599.99
game_268,panama,new_zealand,1,2,1,2.6637,3.0372999999999997,24,28,3,1,3,6,6,12,9,18,3788.91
game_269,canada,philippines,0,0,1,2.4639999999999995,2.7747,23,27,0,2,5,6,10,12,11,22,3600.0000000000005
game_27,kazakhstan,morocco,1,6,5,2.5223,2.4802,28,24,12,7,6,10,12,22,16,34,3934.84
game_270,brazil,serbia,0,3,1,3.0917,3.8097999999999996,27,29,2,2,11,4,22,8,15,30,3600.000000000001
game_271,singapore,switzerland,0,8,2,4.5704,3.1472999999999995,35,31,11,4,8,10,16,20,18,36,3600.0
game_272,uae,netherlands,1,2,1,3.0570999999999997,2.6323,30,26,3,2,8,11,19,22,19,41,4449.280000000001
game_273,thailand,new_zealand,0,5,3,3.1774000000000004,3.0252,22,30,5,4,4,10,8,20,14,28,3599.9900000000002
game_274,morocco,kazakhstan,0,4,3,3.2593999999999994,2.2093000000000003,27,26,5,4,6,6,12,12,12,24,3600.0
game_275,rwanda,ethiopia,0,2,5,3.5613,3.0189000000000004,32,27,1,7,8,10,16,20,18,36,3600.03
game_276,uae,saudi_arabia,1,1,2,2.12,2.0069,20,22,2,4,6,5,15,10,11,25,3733.6600000000003
game_277,pakistan,france,0,2,3,3.2012,2.3316999999999997,24,19,4,2,7,6,14,15,13,29,3599.9799999999987
game_278,switzerland,singapore,1,3,2,3.2851,3.0572,34,31,6,3,8,10,16,20,18,36,4580.7
game_279,peru,iceland,0,6,3,3.4101000000000004,3.3434,28,30,11,2,7,9,14,18,16,32,3600.0099999999998
game_28,switzerland,indonesia,1,3,4,2.4528999999999996,1.9002999999999999,30,20,6,8,5,3,10,6,8,16,4154.53
game_280,oman,south_korea,1,5,4,3.6117,3.2446,30,33,9,7,6,13,12,26,19,38,4036.3
game_281,china,mongolia,0,0,1,2.8176000000000005,2.2573000000000003,22,27,0,2,6,7,12,14,13,26,3600.0
game_282,guatemala,brazil,1,3,2,3.1683000000000003,4.362799999999999,34,40,5,2,7,6,14,12,13,26,4504.47
game_283,philippines,vietnam,0,0,4,1.8754,2.9801,18,28,0,7,7,5,14,10,12,24,3600.02
game_284,mexico,serbia,0,1,5,3.2704,3.6952,32,37,1,10,6,5,14,10,11,24,3600.0099999999998
game_285,canada,usa,1,5,4,4.1659999999999995,2.9463999999999997,37,26,8,7,3,5,6,10,8,16,3716.35
game_286,netherlands,indonesia,0,1,0,1.6890999999999998,1.7716,16,19,1,0,7,5,14,10,12,24,3599.99
game_287,panama,india,0,3,2,2.5187,3.1611000000000002,26,31,6,4,5,3,10,6,8,16,3600.0
game_288,uk,germany,0,7,2,3.6304,1.3322999999999998,27,13,13,4,1,4,2,8,5,10,3599.98
game_289,rwanda,brazil,1,5,6,4.471400000000001,3.3545,43,26,9,11,7,6,17,12,13,29,3823.43
game_29,netherlands,singapore,0,4,2,4.2118,2.5566,36,25,5,4,8,6,16,12,14,28,3600.0100000000007
game_290,saudi_arabia,mexico,0,2,3,2.6489,3.890999999999999,25,34,4,4,7,5,14,10,12,24,3600.0
game_291,philippines,guatemala,0,1,0,2.1111000000000004,3.7931000000000004,26,32,1,0,8,5,16,10,13,26,3599.9900000000002
game_292,china,indonesia,0,1,3,3.5907000000000004,2.5376,28,32,2,6,8,6,16,12,14,28,3600.0
game_293,france,india,0,0,3,2.0599,3.0215,21,22,0,3,8,5,16,10,13,26,3600.0000000000005
game_294,south_korea,serbia,0,1,4,2.9378,4.9805,31,37,0,5,12,5,24,10,17,34,3599.9900000000002
game_295,ethiopia,mongolia,0,5,1,2.7289999999999996,1.3734,27,19,7,1,5,6,10,12,11,22,3600.0000000000005
game_296,panama,oman,1,4,3,4.2234,3.5795000000000003,33,30,7,6,5,9,10,18,14,28,3609.8900000000003
game_297,singapore,morocco,1,5,4,3.2649999999999997,4.9095,32,43,6,6,10,5,20,10,15,30,4330.15
game_298,peru,uk,1,3,2,3.0616000000000003,2.9609,27,29,5,2,6,6,12,12,12,24,3886.87
game_299,canada,netherlands,0,1,5,2.9596,3.6622999999999992,26,26,2,7,12,7,24,17,19,41,3599.9900000000002
game_3,peru,iceland,1,4,3,4.8049,2.3901,42,26,6,6,6,12,12,24,18,36,5323.379999999999
game_30,mexico,south_korea,0,3,2,4.0512,2.2328,32,22,4,4,7,10,14,22,17,36,3600.0
game_300,new_zealand,usa,0,5,0,3.6523,2.692,32,24,6,0,5,7,13,17,12,30,3599.9900000000002
game_301,iceland,switzerland,1,2,1,2.8726000000000003,2.2574000000000005,29,28,3,2,6,5,12,10,11,22,3796.73
game_302,thailand,germany,0,2,4,2.7630000000000003,2.5771,21,24,3,6,10,4,20,8,14,28,3600.0
game_303,vietnam,pakistan,1,4,3,3.7084,3.3357,29,27,5,5,5,13,10,26,18,36,3968.5200000000004
game_304,uae,kazakhstan,0,0,1,1.9653999999999998,1.3655,18,15,0,2,6,3,12,6,9,18,3599.9999999999995
game_305,kazakhstan,uae,0,3,6,2.6772,3.2803,30,27,4,10,10,6,20,14,16,34,3599.99
game_306,vietnam,oman,0,4,3,2.5565999999999995,3.4582,23,29,7,5,3,5,6,10,8,16,3600.0200000000004
game_307,panama,singapore,0,8,3,6.262599999999999,3.0639999999999996,41,28,12,5,8,12,16,24,20,40,3600.0099999999998
game_308,canada,indonesia,0,0,1,2.0789,2.7591,20,30,0,0,6,1,12,2,7,14,3600.01
game_309,saudi_arabia,new_zealand,0,5,1,2.9937,2.3918,24,26,7,1,1,8,2,16,9,18,3599.99
game_31,uk,thailand,0,4,1,2.7760999999999996,2.9685,22,25,7,2,3,8,6,18,11,24,3600.02
game_310,switzerland,south_korea,0,2,3,2.3479,3.1815,24,25,4,5,10,4,20,8,14,28,3599.97
game_311,netherlands,france,0,0,2,1.6994,2.1020999999999996,15,22,0,2,3,4,8,8,7,16,3600.0
game_312,ethiopia,guatemala,0,3,2,2.8534,3.2925999999999997,31,32,5,4,5,8,10,16,13,26,3600.0099999999998
game_313,germany,brazil,0,2,6,1.7248,3.8768000000000002,19,30,3,11,8,5,16,10,13,26,3600.0
game_314,uk,peru,1,2,3,3.8296,4.2378,29,37,4,2,6,9,12,18,15,30,4207.38
game_315,india,mexico,1,2,1,2.897,3.401,34,32,4,2,6,8,12,16,14,28,4593.96
game_316,thailand,serbia,0,5,4,3.2055000000000002,4.0761,30,33,7,6,7,5,14,10,12,24,3600.0099999999998
game_317,saudi_arabia,indonesia,1,2,1,3.7574999999999994,4.2124999999999995,35,37,3,2,13,9,29,18,22,47,6196.82
game_318,india,uk,0,6,3,3.8836,2.5109999999999997,38,24,8,5,2,4,4,8,6,12,3600.01
game_319,rwanda,france,0,3,0,2.4854000000000003,3.5354,24,29,6,0,10,4,20,8,14,28,3600.0
game_32,pakistan,new_zealand,0,6,3,5.397199999999999,1.702,39,16,9,6,3,9,6,18,12,24,3600.0
game_320,germany,south_korea,0,5,4,3.2492,2.5202999999999998,29,21,6,7,3,6,6,12,9,18,3600.0099999999998
game_321,kazakhstan,china,0,1,2,2.3640000000000003,1.9754999999999998,25,17,1,3,2,5,4,10,7,14,3600.0
game_322,ethiopia,iceland,1,3,2,2.9888000000000003,2.4331999999999994,27,25,3,3,7,9,14,18,16,32,3863.1200000000003
game_323,oman,pakistan,0,3,5,2.9782,5.744199999999999,25,43,4,7,14,7,33,14,21,47,3600.01
game_324,netherlands,new_zealand,0,2,3,2.7295999999999996,2.3725000000000005,27,26,4,3,7,5,17,10,12,27,3600.0200000000004
game_325,philippines,panama,0,1,2,3.3605000000000005,2.5903,30,29,2,4,1,5,2,12,6,14,3600.01
game_326,usa,vietnam,1,2,3,2.8922,2.1642,23,22,4,6,8,7,19,14,15,33,3971.29
game_327,brazil,mexico,0,1,4,2.8517,2.2671,26,23,2,7,5,7,10,14,12,24,3600.01
game_328,morocco,guatemala,1,3,4,2.1125000000000003,3.4834000000000005,25,36,4,6,9,8,18,16,17,34,3715.3199999999997
game_329,canada,mongolia,0,4,0,3.6536999999999997,1.3020999999999998,31,14,6,0,5,7,10,14,12,24,3599.9999999999995
game_33,oman,ethiopia,0,2,1,3.0274000000000005,3.0987999999999998,28,23,4,2,15,9,30,18,24,48,3600.0000000000005
game_330,uae,singapore,0,0,3,2.3442000000000003,2.6271999999999998,22,24,0,6,6,6,12,12,12,24,3600.0
game_331,saudi_arabia,france,0,3,1,2.2813,2.1004,20,20,6,2,8,8,16,16,16,32,3600.0
game_332,usa,serbia,0,6,4,3.7285999999999992,4.042,35,34,10,3,11,6,22,12,17,34,3599.9799999999996
game_333,mongolia,vietnam,0,2,3,2.3004000000000002,2.6189,24,24,4,6,8,6,19,12,14,31,3600.0000000000005
game_334,india,peru,0,1,5,4.6716999999999995,1.4968,40,18,2,6,2,9,4,18,11,22,3599.9900000000002
game_335,south_korea,rwanda,0,6,1,4.0564,2.1498,32,20,10,2,6,10,12,20,16,32,3600.0200000000004
game_336,ethiopia,mexico,1,5,4,3.8587,3.6054999999999993,31,30,8,7,6,6,12,14,12,26,4208.379999999999
game_337,uae,panama,1,2,3,2.2121,4.2981,23,39,3,4,8,4,16,8,12,24,4739.13
game_338,indonesia,philippines,0,1,6,2.038,2.5016,23,25,2,9,5,5,10,10,10,20,3599.99
game_339,brazil,switzerland,1,3,2,4.0999,2.9881,32,36,4,2,6,12,12,24,18,36,5347.85
game_34,iceland,saudi_arabia,0,3,4,3.4536,2.6107,30,26,5,3,5,7,10,14,12,24,3599.9900000000007
game_340,guatemala,china,0,6,0,3.1043,2.0646999999999998,31,22,10,0,3,6,6,12,9,18,3600.0299999999997
game_341,oman,netherlands,0,0,2,2.7592,1.6392000000000002,27,16,0,4,3,3,6,6,6,12,3599.9999999999995
game_342,morocco,iceland,0,3,4,3.3988,2.0473000000000003,27,23,2,8,3,7,6,14,10,20,3599.9900000000002
game_343,pakistan,thailand,1,4,3,3.6174999999999997,3.1483999999999996,31,27,8,4,8,8,16,16,16,32,3620.4
game_344,new_zealand,singapore,1,3,2,4.2037,3.6412,39,34,4,4,6,8,12,16,14,28,4682.24
game_345,germany,uk,0,4,1,2.9541,2.7474999999999996,25,23,8,2,4,4,8,8,8,16,3600.03
game_346,guatemala,saudi_arabia,0,0,2,3.6294,2.1673999999999998,31,22,0,4,7,4,14,8,11,22,3599.9799999999996
game_347,serbia,vietnam,1,4,3,5.7572,4.631799999999999,47,48,7,4,10,7,23,16,17,39,5830.0599999999995
game_348,thailand,philippines,0,5,0,2.7680000000000002,2.0236,24,24,6,0,5,3,12,6,8,18,3600.0000000000005
game_349,rwanda,india,0,2,3,2.4186,1.4820000000000002,24,20,3,4,3,2,6,4,5,10,3599.9800000000005
game_35,france,morocco,1,4,5,4.2088,6.3128,43,57,7,10,9,5,18,10,14,28,6678.610000000001
game_350,morocco,pakistan,1,7,6,3.7706,3.0878,30,31,12,11,5,13,10,26,18,36,4371.17
game_351,south_korea,panama,0,3,5,2.3984,3.1760999999999995,24,25,4,8,6,3,15,6,9,21,3600.02
game_352,new_zealand,iceland,0,0,2,3.7618,2.5393000000000003,33,21,0,3,5,9,10,20,14,30,3599.98
game_353,germany,mongolia,0,5,4,5.052399999999999,1.7793,41,19,8,6,5,9,10,18,14,28,3599.9900000000007
game_354,netherlands,ethiopia,0,4,1,3.6414999999999997,1.5316,26,18,7,1,4,10,8,20,14,28,3600.0099999999998
game_355,singapore,oman,0,6,4,6.450699999999999,3.0675999999999997,44,25,12,7,10,15,20,32,25,52,3600.0099999999998
game_356,uk,china,0,2,3,2.3346,3.5647,21,28,2,6,6,3,12,6,9,18,3600.0099999999998
game_357,canada,switzerland,0,1,5,2.3814,4.6299,22,34,2,7,13,9,26,18,22,44,3599.98
game_358,france,indonesia,0,5,4,3.5861,1.3691,28,14,10,8,8,5,16,13,13,29,3599.99
game_359,peru,kazakhstan,0,5,4,3.1632999999999996,1.8034000000000001,26,20,6,7,5,7,10,14,12,24,3599.9900000000002
game_36,indonesia,peru,0,2,3,1.8014,2.4469,17,25,4,5,5,5,10,12,10,22,3600.0099999999998
game_360,mexico,usa,0,1,2,4.5265,1.3728000000000002,39,15,2,3,7,5,14,12,12,26,3599.9900000000002
game_361,brazil,uae,0,8,2,5.3846,1.3464,39,15,10,3,6,10,12,20,16,32,3599.9799999999996
game_362,saudi_arabia,guatemala,0,2,3,2.0295,2.4648,20,26,4,4,4,4,8,8,8,16,3599.9900000000002
game_363,rwanda,thailand,0,3,4,2.7621,4.1201,27,29,6,7,9,5,18,10,14,28,3600.02
game_364,new_zealand,morocco,0,2,1,2.3356,1.8687,29,17,2,2,9,6,18,12,15,30,3599.9999999999995
game_365,serbia,mexico,1,4,5,2.7247000000000003,5.965599999999999,27,54,6,6,10,6,20,12,16,32,4317.76
game_366,pakistan,indonesia,0,2,1,3.9607000000000006,2.3761,28,21,4,1,9,6,18,14,15,32,3600.0
game_367,china,vietnam,0,0,4,3.2878,4.397600000000001,22,34,0,6,9,6,18,12,15,30,3599.9900000000002
game_368,switzerland,philippines,1,1,0,2.6397,1.8208000000000002,28,18,2,0,5,9,10,21,14,31,4146.95
game_369,mongolia,panama,0,2,3,2.6210999999999998,1.8761999999999999,23,17,4,4,4,5,8,10,9,18,3599.9900000000007
game_37,south_korea,serbia,0,6,5,3.6105,2.8134000000000006,38,24,9,7,10,8,20,16,18,36,3599.9900000000002
game_370,canada,ethiopia,0,6,3,2.7164999999999995,1.9331,27,18,8,3,4,4,8,8,8,16,3599.99
game_371,kazakhstan,uk,1,4,3,2.3556999999999997,4.2754,22,33,5,5,5,5,10,10,10,20,3823.1499999999996
game_372,india,netherlands,1,3,4,2.8806,3.2184,33,28,4,6,7,5,14,10,12,24,5035.64
game_373,peru,oman,0,4,3,3.5030999999999994,2.8453,30,24,6,4,4,9,8,18,13,26,3599.9900000000002
game_374,brazil,france,0,3,2,2.0425,2.9394999999999993,16,26,4,4,12,7,24,14,19,38,3599.9999999999995
game_375,south_korea,uae,1,3,2,3.5039,3.0229,34,24,4,3,12,8,29,16,20,45,4330.969999999999
game_376,iceland,singapore,0,4,1,5.328500000000001,2.8536,39,26,7,2,7,10,14,23,17,37,3599.9799999999996
game_377,usa,germany,0,4,3,3.5807,1.933,28,18,5,3,1,8,2,16,9,18,3599.9900000000002
game_378,serbia,rwanda,0,2,1,3.4527,2.4189000000000003,30,21,3,2,7,8,16,16,15,32,3600.000000000001
game_379,oman,iceland,0,2,4,2.3729000000000005,3.4105,23,28,4,6,10,2,20,4,12,24,3600.0099999999993
game_38,rwanda,panama,0,2,4,2.4673999999999996,2.1664,20,21,4,8,4,6,8,12,10,20,3599.9900000000002
game_380,ethiopia,south_korea,0,6,5,3.2596,2.6656,26,29,6,10,6,6,12,12,12,24,3600.0
game_381,panama,morocco,1,3,2,4.2511,3.821900000000001,43,37,5,1,8,6,18,12,14,30,5658.42
game_382,singapore,saudi_arabia,1,3,2,2.831,2.6498000000000004,25,23,4,4,6,4,12,8,10,20,3918.88
game_383,india,usa,0,2,1,2.1939,3.9791000000000003,23,36,4,2,4,7,8,14,11,22,3600.01
game_384,germany,guatemala,0,9,4,3.2087000000000003,3.3088,32,32,16,7,4,5,8,10,9,18,3600.01
game_385,mexico,pakistan,1,7,6,4.6026,3.7517,34,36,13,7,7,12,14,24,19,38,4386.29
game_386,netherlands,mongolia,0,5,1,3.5541,1.0707,27,17,9,1,1,6,2,12,7,14,3600.01
game_387,thailand,china,0,1,3,2.1589,3.3682,19,28,1,5,8,3,18,6,11,24,3600.0099999999998
game_388,uk,peru,0,2,1,2.1794,2.5574999999999997,19,23,4,1,2,4,4,8,6,12,3600.0
game_389,philippines,switzerland,0,5,0,2.5844,2.1917,25,21,7,0,7,7,14,14,14,28,3599.99
game_39,kazakhstan,usa,0,7,5,5.3913,2.3693999999999997,38,23,10,8,0,10,0,20,10,20,3600.0099999999998
game_390,france,new_zealand,0,6,4,3.6283000000000007,2.4351000000000003,25,22,10,6,4,11,8,24,15,32,3599.9700000000003
game_391,uae,vietnam,0,4,3,2.7022999999999997,3.2031,22,31,6,5,3,7,6,14,10,20,3599.99
game_392,brazil,kazakhstan,0,3,1,3.8854,2.3649999999999998,26,25,6,1,6,10,12,20,16,32,3600.0
game_393,indonesia,canada,0,1,2,2.8561,2.7866999999999997,26,23,1,4,9,7,18,14,16,32,3600.0100000000007
game_394,thailand,oman,0,5,3,7.3472,1.1985000000000001,47,15,8,2,3,16,6,35,19,41,3599.9900000000002
game_395,uae,morocco,0,4,1,2.5465,2.0273,23,23,6,2,3,7,6,14,10,20,3599.9900000000002
game_396,china,peru,0,1,3,2.669,2.7563000000000004,25,26,2,6,6,3,12,6,9,18,3600.0
game_397,iceland,new_zealand,0,2,0,2.1365,2.4589000000000003,20,23,4,0,5,2,10,6,7,16,3600.0
game_398,usa,pakistan,0,2,3,3.5507999999999997,4.0376,29,34,4,3,10,8,20,16,18,36,3600.0099999999993
game_399,ethiopia,saudi_arabia,0,6,1,4.1598999999999995,3.1933,35,27,7,1,12,13,26,26,25,52,3599.98
game_4,mongolia,saudi_arabia,0,0,1,1.6322,1.6166,19,16,0,2,6,5,12,10,11,22,3600.0
game_40,singapore,mexico,1,3,4,2.9814999999999996,4.5845,34,37,6,5,7,4,14,8,11,22,3615.0299999999997
game_400,mongolia,south_korea,0,2,6,3.5075,3.7251,31,35,3,7,5,10,10,20,15,30,3600.0
game_401,indonesia,france,0,2,1,2.9421,3.388,25,30,4,2,4,10,8,20,14,28,3600.0
game_402,mexico,germany,0,2,3,3.3837,2.9469000000000003,28,24,2,6,14,4,28,8,18,36,3600.0099999999998
game_403,canada,guatemala,0,4,1,2.2470999999999997,1.8911000000000002,23,20,7,1,4,6,8,12,10,20,3600.01
game_404,singapore,rwanda,1,5,6,7.4111,6.4452,55,59,7,7,17,20,36,42,37,78,7090.86
game_405,vietnam,netherlands,0,1,4,2.1109999999999998,3.198,22,27,1,8,7,3,14,6,10,20,3600.0
game_406,india,serbia,0,2,1,4.1005,2.4637000000000002,47,25,4,2,3,4,6,8,7,14,3599.9900000000002
game_407,uk,philippines,1,3,2,2.3607,2.0549,18,20,5,3,6,4,12,8,10,20,3611.6500000000005
game_408,kazakhstan,switzerland,0,3,1,2.3331999999999997,1.9544000000000001,23,17,4,2,8,7,16,16,15,32,3599.9999999999995
game_409,brazil,panama,0,4,3,3.0472999999999995,3.0141000000000004,27,29,5,6,9,4,18,8,13,26,3599.999999999999
game_41,netherlands,china,0,6,1,3.1838,2.7880000000000007,30,28,9,2,5,5,10,10,10,20,3599.9900000000002
game_410,new_zealand,saudi_arabia,0,1,3,3.9095,1.9491,30,18,2,0,6,10,12,20,16,32,3600.01
game_411,singapore,china,1,2,3,3.4125000000000005,3.4174,35,28,4,4,10,6,20,12,16,32,3840.2900000000004
game_412,brazil,rwanda,0,4,1,2.9771,1.1681,23,15,7,1,2,6,4,12,8,16,3599.98
game_413,canada,serbia,0,5,4,4.0568,3.7615,35,33,8,3,7,7,16,16,14,32,3600.0099999999998
game_414,kazakhstan,panama,0,1,2,1.9118,1.8424,19,16,0,4,7,1,14,2,8,16,3599.9900000000002
game_415,ethiopia,pakistan,1,5,6,2.8266,3.6924,25,36,8,9,7,7,17,14,14,31,3784.0299999999997
game_416,thailand,guatemala,1,3,4,4.1783,4.0999,38,43,5,8,8,8,16,16,16,32,4021.0299999999997
game_417,morocco,oman,0,4,5,3.0754,2.3449,23,22,7,7,8,6,16,12,14,28,3600.02
game_418,india,uae,0,5,4,2.3958,2.5026000000000006,25,24,10,7,4,8,8,16,12,24,3599.9900000000002
game_419,peru,switzerland,0,0,1,3.3185,2.5677999999999996,29,23,0,1,8,6,16,12,14,28,3600.01
game_42,vietnam,brazil,0,1,7,2.0888999999999998,4.9276,24,29,2,12,11,5,22,10,16,32,3600.01
game_420,indonesia,iceland,0,0,4,1.4853,2.3784,16,21,0,6,7,6,14,12,13,26,3599.99
game_421,usa,mongolia,1,3,2,3.9732,2.9172,33,33,5,2,6,12,12,24,18,36,4639.379999999999
game_422,philippines,uk,0,2,1,2.1335,3.0111,21,26,3,2,3,3,6,6,6,12,3600.03
game_423,mexico,vietnam,1,1,2,4.107099999999999,2.6832000000000003,36,27,1,3,10,6,20,12,16,32,4565.51
game_424,south_korea,france,0,4,1,2.4674,1.5459,23,14,7,0,7,5,14,10,12,24,3600.01
game_425,germany,netherlands,0,2,4,2.9147,2.7119999999999993,24,25,4,7,8,10,16,20,18,36,3599.9900000000002
game_426,vietnam,thailand,0,5,6,2.2009000000000003,3.8522999999999996,25,28,7,10,9,4,18,8,13,26,3600.0200000000004
game_427,serbia,france,0,4,5,2.7007000000000003,3.6205999999999996,24,30,6,8,7,0,14,0,7,14,3600.01
game_428,ethiopia,philippines,1,2,1,2.7222,2.8074000000000003,24,29,3,2,7,4,14,8,11,22,3763.58
game_429,brazil,saudi_arabia,0,3,0,3.1353,1.7207,21,18,4,0,6,7,12,14,13,26,3599.9999999999995
game_43,uae,canada,1,2,1,2.8977999999999997,3.1845000000000003,28,33,2,2,3,7,6,16,10,22,4131.61
game_430,peru,iceland,0,3,2,2.8598,2.4264,29,19,4,3,7,5,14,10,12,24,3599.9899999999993
game_431,uae,oman,0,2,3,3.0588,2.2084,20,22,2,6,3,11,6,25,14,31,3600.0199999999995
game_432,pakistan,india,0,0,1,3.1917,3.4662,30,29,0,2,9,1,18,2,10,20,3599.99
game_433,germany,new_zealand,0,3,0,2.5451,2.3028999999999997,22,21,3,0,2,4,4,8,6,12,3600.0199999999995
game_434,rwanda,mexico,1,4,3,2.7645,3.4359,29,34,5,5,7,7,14,14,14,28,4066.45
game_435,indonesia,usa,0,3,5,2.7986,4.2818000000000005,25,31,5,7,9,4,18,8,13,26,3599.98
game_436,morocco,singapore,0,2,4,3.3062000000000005,2.8292,30,33,3,6,4,7,8,14,11,22,3600.0
game_437,guatemala,canada,0,1,2,2.5850000000000004,3.6585,28,35,2,3,12,3,24,6,15,30,3599.9700000000003
game_438,uk,kazakhstan,0,3,2,2.8354999999999997,2.7060999999999997,23,25,5,1,3,4,6,8,7,14,3600.01
game_439,switzerland,mongolia,0,3,1,2.8033,2.2486000000000006,28,31,4,2,3,7,8,14,10,22,3599.99
game_44,philippines,mongolia,0,3,2,2.8973,2.1706000000000003,26,25,4,3,7,5,14,10,12,24,3600.0100000000007
game_440,netherlands,china,0,1,0,1.4618999999999995,1.2687000000000002,16,14,1,0,2,4,4,8,6,12,3600.02
game_441,serbia,morocco,1,5,6,3.9880999999999998,5.2991,40,46,10,10,13,4,26,8,17,34,3670.3700000000003
game_442,mongolia,china,1,0,1,1.7164000000000001,2.1395,24,19,0,1,7,3,17,6,10,23,4087.06
game_443,south_korea,iceland,0,2,3,3.6258999999999997,2.5084,33,23,3,4,8,9,18,18,17,36,3599.9900000000002
game_444,indonesia,india,0,1,3,2.4131,2.4933,26,22,2,6,9,7,18,14,16,32,3599.99
game_445,saudi_arabia,uae,0,4,2,2.6552999999999995,2.3280999999999996,24,19,6,4,8,5,16,10,13,26,3600.0099999999993
game_446,france,rwanda,0,4,1,5.2141,1.8836,32,18,7,1,4,19,8,38,23,46,3600.0
game_447,philippines,new_zealand,0,4,0,2.0383999999999998,2.3037,19,25,7,0,3,5,6,10,8,16,3600.0000000000005
game_448,pakistan,uk,0,2,5,3.8594,2.7187,33,21,3,9,8,4,16,8,12,24,3600.02
game_449,ethiopia,singapore,0,2,3,2.4446,2.936,20,27,3,6,4,5,8,10,9,18,3600.0
game_45,guatemala,switzerland,1,2,1,2.9989,2.1036,34,31,3,2,8,6,16,12,14,28,5124.47
game_450,brazil,panama,0,3,1,3.6777999999999995,3.6327,28,34,5,2,7,8,16,16,15,32,3599.9999999999995
game_451,guatemala,kazakhstan,0,0,3,1.8121,1.9961999999999998,17,25,0,6,6,5,12,10,11,22,3600.0000000000005
game_452,canada,vietnam,0,2,0,1.9445,1.5082,17,14,3,0,3,7,6,14,10,20,3599.9999999999995
game_453,mexico,thailand,0,3,6,4.1271,2.5295,38,24,5,9,5,10,10,20,15,30,3599.9899999999993
game_454,usa,switzerland,0,0,4,1.8855,2.7128,17,23,0,6,10,6,20,12,16,32,3600.02
game_455,germany,peru,0,2,5,2.8729999999999998,3.4581999999999997,24,27,2,9,6,7,12,14,13,26,3599.99
game_456,netherlands,oman,1,5,4,4.1356,2.4954000000000005,35,24,9,7,10,10,22,20,20,42,4531.880000000001
game_457,singapore,uae,0,3,4,2.7786999999999997,2.3053,26,23,3,8,6,6,12,12,12,24,3599.9900000000002
game_458,new_zealand,oman,0,2,1,2.5753000000000004,2.3516000000000004,23,22,2,2,4,8,8,16,12,24,3600.0099999999993
game_459,usa,switzerland,0,0,4,2.0348,2.4291000000000005,16,25,0,8,5,6,10,12,11,22,3600.0
game_46,panama,rwanda,0,1,2,2.9219,2.1125,23,22,2,3,3,4,6,8,7,14,3600.01
game_460,philippines,vietnam,1,2,1,2.6327999999999996,2.5813,22,24,1,2,8,10,18,25,18,43,3601.31
game_461,kazakhstan,china,0,2,1,1.5776999999999999,3.3847,18,28,1,2,6,3,12,6,9,18,3600.0099999999998
game_462,canada,brazil,1,2,1,2.7008,2.7505999999999995,30,21,4,1,6,4,12,8,10,20,4161.27
game_463,guatemala,peru,0,1,4,1.888,2.4624,21,26,1,6,4,1,8,2,5,10,3599.9999999999995
game_464,france,mexico,1,5,6,4.188,2.6574999999999998,37,26,7,12,4,8,8,16,12,24,4000.63
game_465,indonesia,rwanda,0,4,2,4.0785,1.6078000000000001,33,16,5,4,4,7,8,17,11,25,3600.0
game_466,india,morocco,0,4,1,3.4656000000000002,2.5920999999999994,36,25,6,2,7,7,14,14,14,28,3599.98
game_467,uk,mongolia,0,4,1,3.2775000000000003,1.2763,26,15,8,2,3,6,6,12,9,18,3600.0
game_468,kazakhstan,rwanda,0,0,2,2.2687,2.1788,20,21,0,3,6,4,12,8,10,20,3600.02
game_469,thailand,saudi_arabia,1,5,4,6.4496,2.4724,51,23,8,6,11,8,22,18,19,40,5454.37
game_47,morocco,ethiopia,0,5,4,4.7666,2.7741000000000002,40,27,10,4,5,7,10,14,12,24,3600.01
game_470,brazil,pakistan,0,1,2,1.8139999999999998,2.144,14,24,2,3,6,6,12,12,12,24,3600.0099999999998
game_471,mexico,china,1,2,1,2.7664999999999997,1.1428999999999998,29,13,2,2,5,7,10,14,12,24,3639.18
game_472,guatemala,morocco,0,4,1,4.339999999999999,3.0091,43,40,6,2,4,5,8,10,9,18,3600.0
game_473,switzerland,serbia,0,3,4,2.206,2.9389000000000003,22,31,5,6,4,8,8,16,12,24,3599.99
game_474,usa,oman,0,3,8,3.6880999999999995,5.0234,30,40,4,8,10,14,22,28,24,50,3600.01
game_475,ethiopia,south_korea,0,2,3,2.9867999999999997,3.2135999999999996,27,35,4,5,3,6,6,12,9,18,3600.01
game_476,canada,panama,0,2,4,4.550000000000001,2.6,40,25,4,5,3,6,6,12,9,18,3600.0
game_477,indonesia,uk,0,4,3,2.2914,4.4748,22,37,5,3,5,3,10,6,8,16,3600.0000000000005
game_478,singapore,iceland,0,5,3,4.3191,2.0136,33,20,10,3,3,12,6,24,15,30,3600.01
game_479,germany,india,0,6,2,3.6652,2.4108,27,24,12,4,1,7,2,14,8,16,3600.01
game_48,saudi_arabia,oman,0,5,1,3.5814000000000004,1.7435,29,19,8,1,1,10,2,22,11,24,3600.0
game_480,france,new_zealand,0,3,1,3.9605000000000006,2.3095,31,20,6,2,8,11,16,25,19,41,3599.9899999999993
game_481,peru,philippines,0,1,0,2.8322000000000003,2.1,27,20,2,0,4,4,8,11,8,19,3600.0
game_482,uae,netherlands,0,2,1,1.1051000000000002,2.3891999999999998,11,25,3,2,3,3,6,6,6,12,3599.9999999999995
game_483,mongolia,vietnam,0,2,5,3.2094000000000005,4.648199999999999,24,34,4,8,10,8,20,19,18,39,3600.0099999999998
game_484,saudi_arabia,south_korea,0,0,4,1.9612000000000003,2.1038,17,23,0,3,4,7,8,14,11,22,3600.0
game_485,philippines,canada,0,4,1,2.1074,3.6194,20,33,6,2,6,4,12,8,10,20,3599.98
game_486,kazakhstan,mexico,0,6,2,3.363,1.6950999999999998,26,16,10,4,12,6,24,12,18,36,3600.0200000000004
game_487,vietnam,usa,1,4,3,3.3320000000000003,2.598,27,22,6,4,6,9,12,18,15,30,4026.2600000000007
game_488,netherlands,serbia,1,5,4,3.0741,3.0959999999999996,32,28,7,7,5,3,10,6,8,16,3923.3199999999997
game_489,oman,indonesia,1,3,4,3.1092000000000004,3.0843,27,28,3,4,10,3,22,6,13,28,4086.47
game_49,iceland,france,0,5,3,2.3723,3.6207999999999996,21,30,9,5,9,5,18,10,14,28,3600.01
game_490,uae,india,0,2,3,2.2268,3.8776,19,37,4,6,10,3,20,6,13,26,3600.02
game_491,china,uk,0,2,1,3.2729999999999997,3.7620999999999998,27,32,4,2,3,5,6,10,8,16,3600.0
game_492,singapore,morocco,0,3,0,3.0130000000000003,2.1361000000000003,30,20,6,0,5,6,10,12,11,22,3599.9900000000002
game_493,brazil,mongolia,1,3,4,3.5622,2.4318,27,28,4,5,12,8,24,16,20,40,4119.6900000000005
game_494,iceland,new_zealand,0,3,1,3.6492,2.3451999999999997,28,24,3,2,6,9,12,20,15,32,3600.0099999999998
game_495,thailand,panama,0,2,3,4.0449,2.5414,32,25,3,6,4,4,8,8,8,16,3600.01
game_496,guatemala,pakistan,0,5,3,2.7389,3.2414,24,34,7,5,10,8,20,16,18,36,3599.9900000000007
game_497,switzerland,germany,0,1,0,1.1199000000000001,2.3369,11,20,1,0,4,4,8,8,8,16,3600.01
game_498,ethiopia,peru,1,3,4,2.1561,4.8788,21,43,6,6,13,7,29,14,20,43,3987.87
game_499,thailand,rwanda,0,3,4,3.9331,1.3811,27,18,6,7,3,9,6,18,12,24,3600.0100000000007
game_5,usa,guatemala,0,4,1,3.1535,4.7456000000000005,32,42,7,1,9,6,18,12,15,30,3599.9800000000005
game_50,china,netherlands,0,2,4,2.565,2.6427,22,25,3,5,5,6,10,12,11,22,3600.0
game_500,usa,new_zealand,0,1,3,2.4616000000000002,3.6273000000000004,20,27,2,6,11,7,22,14,18,36,3600.02
game_501,china,canada,1,3,2,2.6029,2.5904000000000003,23,28,6,4,5,6,10,12,11,22,3776.8700000000003
game_502,peru,ethiopia,1,2,1,2.7523999999999997,2.0304,30,22,2,2,3,3,6,6,6,12,4087.0699999999997
game_503,saudi_arabia,kazakhstan,0,0,4,1.5388,4.037100000000001,14,38,0,8,7,2,17,4,9,21,3600.0099999999998
game_504,indonesia,uk,0,1,2,1.5237,2.8173,16,26,1,4,4,4,8,8,8,16,3599.97
game_505,mexico,netherlands,1,0,1,2.8828,2.1035000000000004,29,23,0,2,8,5,16,10,13,26,4189.04
game_506,france,iceland,1,5,4,4.0299000000000005,2.5268,33,22,6,6,7,7,14,14,14,28,3723.02
game_507,germany,singapore,0,1,4,2.8602,3.5753,25,28,0,6,6,3,12,6,9,18,3599.9600000000005
game_508,south_korea,vietnam,0,5,6,3.9061,3.7825,32,32,5,8,7,4,16,8,11,24,3599.99
game_509,morocco,india,0,1,2,3.9705,2.8177000000000003,37,31,2,4,8,5,16,10,13,26,3600.0099999999998
game_51,india,switzerland,1,3,2,1.56,2.5818,20,29,6,4,7,6,14,12,13,26,3772.2
game_510,switzerland,panama,0,4,0,3.6720999999999995,2.889,32,24,5,0,5,7,10,14,12,24,3600.01
game_511,uae,pakistan,0,2,1,2.9020999999999995,2.3395,24,21,4,1,6,8,12,16,14,28,3600.0300000000007
game_512,serbia,mongolia,0,8,2,5.7791,1.6964,43,23,14,4,3,9,6,18,12,24,3599.9900000000002
game_513,oman,brazil,0,1,4,2.8995,3.5911999999999997,30,25,2,7,11,5,22,10,16,32,3599.9900000000002
game_514,saudi_arabia,switzerland,0,3,5,2.4342,2.875,23,29,5,7,8,5,16,10,13,26,3599.9900000000002
game_515,serbia,thailand,1,4,5,5.2412,4.0222999999999995,40,36,7,8,4,15,8,30,19,38,4515.5599999999995
game_516,guatemala,germany,1,4,3,1.8538000000000001,3.5722000000000005,16,36,5,5,5,4,10,8,9,18,3605.8900000000003
game_517,vietnam,morocco,0,4,2,3.4625000000000004,1.6991,28,15,6,3,3,8,6,16,11,22,3599.9900000000002
game_518,new_zealand,france,1,3,2,3.8001,3.4568999999999996,34,29,6,4,7,7,14,14,14,28,5711.1
game_519,rwanda,brazil,1,4,3,3.6885,3.6982999999999997,40,31,5,4,7,8,14,16,15,30,4988.33
game_52,new_zealand,pakistan,0,2,1,3.2662,2.5449999999999995,24,21,3,2,4,12,8,24,16,32,3599.98
game_520,uae,oman,1,2,3,3.5338,3.7125,29,35,3,5,9,10,18,20,19,38,4657.130000000001
game_521,pakistan,philippines,0,1,2,2.3320000000000003,1.4244,19,16,2,4,5,4,10,8,9,18,3600.0099999999998
game_522,usa,indonesia,0,2,0,2.6893000000000002,2.6851000000000003,21,24,1,0,8,6,16,12,14,28,3600.01
game_523,china,south_korea,0,3,0,2.6638999999999995,1.6721,20,21,5,0,2,7,4,14,9,18,3599.9999999999995
game_524,india,mongolia,0,0,3,2.6971,3.037,24,34,0,5,6,6,12,12,12,24,3600.0
game_525,ethiopia,mexico,0,4,1,2.8302,2.7478000000000002,28,30,5,2,6,8,12,16,14,28,3599.9999999999995
game_526,panama,peru,0,2,0,2.7584,2.0050999999999997,25,17,4,0,8,8,16,16,16,32,3600.0000000000005
game_527,iceland,canada,0,2,3,2.8234000000000004,4.104100000000001,27,40,4,4,8,4,16,8,12,24,3600.0
game_528,singapore,kazakhstan,0,6,1,4.6337,2.5057,32,26,9,2,3,12,6,24,15,30,3600.0
game_529,netherlands,uk,0,1,5,3.0069999999999997,3.5442000000000005,24,32,2,7,5,5,10,10,10,20,3600.01
game_53,south_korea,uk,1,3,4,2.9661000000000004,3.3045,26,26,5,6,11,7,22,14,18,36,4096.42
game_530,serbia,brazil,0,4,5,3.7114,3.6724,41,33,7,8,7,8,14,16,15,30,3600.0100000000007
game_531,rwanda,philippines,0,1,6,2.9821,2.6139,27,27,1,8,6,6,12,12,12,24,3600.01
game_532,saudi_arabia,germany,0,1,3,2.0227,2.2220000000000004,15,21,0,6,5,6,10,12,11,22,3600.0200000000004
game_533,china,new_zealand,0,4,1,3.6638,2.0007,22,23,8,2,3,13,8,26,16,34,3599.99
game_534,india,ethiopia,1,2,1,3.0036,1.5298,27,16,3,1,3,11,6,22,14,28,3650.96
game_535,pakistan,thailand,0,2,1,3.6098999999999997,3.2752000000000003,31,26,3,2,5,5,10,10,10,20,3600.01
game_536,usa,morocco,0,0,2,3.3074,2.1853,28,20,0,4,7,11,14,22,18,36,3599.99
game_537,panama,netherlands,0,1,2,2.9263,2.7870000000000004,25,24,2,4,7,6,14,12,13,26,3599.99
game_538,oman,mexico,0,3,4,2.8158000000000003,1.5282000000000002,28,17,2,6,6,9,12,18,15,30,3600.0199999999995
game_539,uae,uk,0,5,3,3.4067000000000007,2.8978,29,27,8,6,6,6,14,12,12,26,3600.02
game_54,germany,philippines,0,5,2,3.7562,2.2807000000000004,32,22,9,4,6,5,12,10,11,22,3600.0
game_540,indonesia,south_korea,0,7,1,3.2644,2.9536,34,26,11,2,9,7,18,14,16,32,3600.0
game_541,peru,guatemala,0,4,0,3.5223000000000004,2.583,35,25,5,0,5,5,10,10,10,20,3599.99
game_542,switzerland,iceland,1,3,2,2.2323000000000004,3.4017000000000004,27,30,5,3,7,4,14,8,11,22,4296.400000000001
game_543,mongolia,france,0,2,3,3.4826999999999995,2.5421,33,26,3,4,1,8,2,16,9,18,3599.9799999999996
game_544,canada,singapore,0,6,2,3.3608,1.9880999999999998,32,21,10,4,6,5,12,10,11,22,3600.0099999999998
game_545,vietnam,kazakhstan,0,2,1,1.9889,2.4434000000000005,19,20,2,1,7,3,14,6,10,20,3600.02
game_546,netherlands,thailand,0,7,3,2.3598000000000003,2.382,22,22,8,5,10,7,20,14,17,34,3600.0
game_547,india,canada,0,1,2,2.2172,2.7878,21,27,0,2,7,8,14,16,15,30,3599.9900000000002
game_548,ethiopia,uae,1,1,2,3.0088,1.6193,25,19,2,3,3,4,6,11,7,17,3649.23
game_549,iceland,oman,0,2,0,4.0595,2.8144,30,30,4,0,4,13,8,26,17,34,3599.9800000000005
game_55,serbia,peru,0,2,4,2.9132000000000002,2.7614,24,31,3,7,5,7,10,14,12,24,3599.98
game_550,serbia,vietnam,0,5,1,3.8527000000000005,2.3940999999999995,28,25,7,1,7,8,14,16,15,30,3600.0
game_551,saudi_arabia,peru,0,1,2,1.7976999999999999,2.4471000000000003,16,24,0,3,5,7,10,14,12,24,3599.9900000000002
game_552,germany,mexico,1,3,2,3.7984999999999993,3.1893999999999996,34,28,6,4,5,14,10,28,19,38,4572.83
game_553,mongolia,philippines,0,1,4,1.8616000000000001,3.247,23,34,2,7,4,5,8,10,9,18,3600.0000000000005
game_554,switzerland,kazakhstan,0,3,4,2.7222,3.1463,27,31,3,7,8,3,16,6,11,22,3600.0099999999993
game_555,morocco,uk,0,6,1,4.7907,2.1109999999999998,39,24,9,2,1,6,2,12,7,14,3599.9900000000002
game_556,new_zealand,china,0,2,1,2.5462,2.5964,25,22,1,1,4,5,8,10,9,18,3599.99
game_557,pakistan,brazil,0,5,2,4.4620999999999995,1.2171,35,10,8,4,8,13,18,26,21,44,3600.0099999999998
game_558,usa,france,0,2,3,2.9157,2.9951,24,23,4,6,9,5,18,10,14,28,3599.98
game_559,rwanda,panama,0,0,1,2.9675000000000002,2.9416,27,28,0,1,9,7,18,14,16,32,3599.99
game_56,brazil,guatemala,0,4,2,3.0253,4.2247,30,43,7,3,8,4,16,8,12,24,3600.010000000001
game_560,china,serbia,0,2,0,4.2433000000000005,1.9231,34,20,3,0,4,9,8,18,13,26,3600.02
game_561,rwanda,canada,0,2,3,2.1195,2.9664,20,27,3,5,6,3,12,6,9,18,3600.0
game_562,guatemala,pakistan,0,5,4,3.312,4.635800000000001,31,43,8,7,9,5,18,10,14,28,3600.0199999999995
game_563,philippines,saudi_arabia,0,4,1,2.3699,1.4385999999999999,22,14,4,2,4,5,8,10,9,18,3599.9900000000002
game_564,morocco,usa,1,4,5,4.9608,3.0503000000000005,40,30,8,7,7,11,14,22,18,36,4213.950000000001
game_565,iceland,india,0,4,0,2.6577,2.712,25,31,7,0,3,3,6,6,6,12,3600.0099999999998
game_566,oman,singapore,0,3,2,4.3039,2.8689999999999998,35,25,6,3,12,7,24,14,19,38,3599.9999999999995
game_567,france,panama,0,4,3,2.9507999999999996,3.3578000000000006,26,26,3,5,4,7,8,16,11,24,3600.0199999999995
game_568,ethiopia,vietnam,0,4,2,3.9423999999999992,1.7635999999999998,31,19,6,3,3,11,6,22,14,28,3600.0099999999998
game_569,mexico,uk,0,3,0,3.5778,2.8763,29,26,4,0,5,8,10,16,13,26,3600.0199999999995
game_57,vietnam,mongolia,0,3,2,2.4981,2.5895,23,23,5,4,4,3,8,6,7,14,3600.01
game_570,netherlands,indonesia,0,3,2,2.1159000000000003,1.8193,18,22,5,4,6,2,12,4,8,16,3599.99
game_571,new_zealand,germany,0,2,3,2.6681999999999997,1.6578000000000002,21,14,2,3,8,9,16,18,17,34,3600.01
game_572,south_korea,thailand,1,4,5,3.5187,3.738,34,31,4,6,11,5,24,13,16,37,4134.08
game_573,uae,peru,1,2,3,3.6612999999999998,3.2478000000000002,34,39,3,5,3,10,6,20,13,26,5368.259999999999
game_574,mongolia,switzerland,1,2,3,2.3112,2.9052,25,30,4,4,11,9,22,18,20,40,4501.41
game_575,kazakhstan,brazil,0,1,2,2.0977,4.2753,23,30,2,3,7,5,14,10,12,24,3600.0
game_576,india,new_zealand,1,2,3,2.5811,3.820500000000001,24,39,3,5,8,6,16,12,14,28,4729.15
game_577,switzerland,saudi_arabia,0,2,4,1.6595000000000002,3.0942000000000007,17,29,2,7,9,4,20,8,13,28,3600.01
game_578,usa,peru,1,3,4,2.3923,3.5166,21,35,3,7,7,6,14,12,13,26,4122.080000000001
game_579,iceland,serbia,0,5,2,2.9987000000000004,2.3379,28,23,8,2,6,5,12,10,11,22,3600.0099999999998
game_58,usa,singapore,0,4,0,4.0328,2.2963,30,23,7,0,5,9,10,18,14,28,3600.0
game_580,germany,kazakhstan,0,3,0,2.5829,2.0595,19,21,6,0,5,6,10,12,11,22,3600.0
game_581,brazil,china,0,1,2,3.0359000000000003,1.8350000000000002,28,17,0,2,7,3,14,6,10,20,3599.99
game_582,rwanda,pakistan,0,4,1,2.6659,3.2636999999999996,27,25,3,2,11,4,22,8,15,30,3600.01
game_583,uk,morocco,0,3,2,2.8002000000000002,2.0194,28,20,5,3,4,3,8,6,7,14,3599.99
game_584,guatemala,mexico,1,4,5,2.9989000000000003,3.8463,32,39,4,8,10,9,20,18,19,38,4075.5099999999998
game_585,france,oman,0,4,5,3.6225,2.6198,26,22,7,6,8,13,16,26,21,42,3599.9800000000005
game_586,ethiopia,indonesia,1,4,3,4.251,3.1056,39,36,4,4,6,7,12,14,13,26,4511.400000000001
game_587,netherlands,panama,1,4,3,2.7416,2.9160000000000004,27,24,7,5,7,1,14,2,8,16,3935.0399999999995
game_588,south_korea,canada,0,2,1,3.6684,2.6551000000000005,32,25,4,1,6,7,12,14,13,26,3600.01
game_589,singapore,vietnam,0,3,2,2.9787999999999997,2.8165,25,24,5,3,11,6,22,12,17,34,3600.0099999999998
game_59,thailand,kazakhstan,0,5,4,2.4251,1.9214999999999998,18,19,6,6,6,6,12,12,12,24,3600.0
game_590,mongolia,thailand,0,5,2,2.6329,2.4224,27,22,9,0,3,11,6,24,14,30,3599.9900000000002
game_591,uae,philippines,1,3,2,3.3239,3.0393000000000003,32,34,3,1,3,4,6,8,7,14,4407.49
game_592,peru,thailand,0,2,6,2.5492999999999997,3.3995,26,29,1,6,9,4,18,8,13,26,3600.02
game_593,usa,ethiopia,0,4,2,3.6361000000000003,2.1620000000000004,32,21,7,4,7,6,14,12,13,26,3599.99
game_594,saudi_arabia,netherlands,0,2,0,1.8897000000000002,2.5414000000000003,19,21,3,0,11,4,22,8,15,30,3600.0
game_595,india,oman,0,6,2,4.0516000000000005,2.7602999999999995,37,24,9,4,4,9,8,18,13,26,3599.9999999999995
game_596,serbia,iceland,0,4,0,3.727,2.4978000000000002,35,23,4,0,9,8,18,16,17,34,3599.99
game_597,pakistan,canada,1,2,3,3.1344999999999996,4.6247,29,39,4,4,12,6,24,12,18,36,4116.2300000000005
game_598,uae,china,1,5,4,1.8647,4.1878,20,40,5,6,4,4,8,8,8,16,3682.4199999999996
game_599,morocco,mexico,0,3,4,2.2076000000000002,2.3030999999999997,25,25,5,5,2,6,4,12,8,16,3600.02
game_6,indonesia,new_zealand,1,4,5,2.8807,3.5877,26,30,6,10,5,4,10,8,9,18,3619.73
game_60,canada,mexico,0,3,5,3.7547,2.7775999999999996,32,28,5,9,6,7,12,14,13,26,3599.9999999999995
game_600,mongolia,indonesia,0,0,2,1.8524,1.8020999999999998,19,21,0,3,4,6,8,12,10,20,3599.99
game_601,germany,rwanda,0,4,2,2.9439000000000006,2.8409,24,23,4,4,5,7,10,14,12,24,3599.9799999999996
game_602,panama,brazil,0,4,0,4.0459000000000005,2.0994,33,20,4,0,7,13,14,29,20,43,3600.0
game_603,vietnam,south_korea,0,2,4,2.3522,3.1703,22,26,4,5,9,8,20,16,17,36,3600.0099999999998
game_604,philippines,singapore,1,3,2,4.1925,3.8680000000000003,36,32,3,4,8,11,16,22,19,38,4764.259999999999
game_605,guatemala,france,0,1,5,2.7814,2.0576999999999996,27,23,2,9,7,4,14,8,11,22,3599.9900000000002
game_606,new_zealand,uk,0,1,2,2.6644,2.8385,24,20,2,4,6,4,12,8,10,20,3600.0000000000005
game_607,thailand,canada,0,10,3,4.499700000000001,2.1323,38,22,19,5,7,9,14,18,16,32,3600.01
game_608,france,philippines,1,5,6,3.4208999999999996,4.822699999999999,32,44,8,9,7,8,14,16,15,30,4915.56
game_609,panama,saudi_arabia,0,1,2,3.4267999999999996,2.5473,30,25,2,4,4,5,10,10,9,20,3600.01
game_61,indonesia,uae,0,4,3,1.6115,3.2451999999999996,22,31,7,4,5,2,10,6,7,16,3600.0099999999993
game_610,china,india,0,0,3,1.4893999999999998,3.4955,12,35,0,4,9,5,18,10,14,28,3600.0
game_611,morocco,iceland,1,2,3,3.0832,2.5144,34,27,2,4,7,3,14,6,10,20,3654.19
game_612,serbia,ethiopia,1,5,4,4.1967,3.8930999999999996,34,36,8,7,11,11,22,22,22,44,3953.1400000000003
game_613,mexico,uae,0,4,0,3.1181,1.3421999999999998,30,16,6,0,3,6,6,12,9,18,3600.01
game_614,pakistan,netherlands,1,3,2,4.2292000000000005,5.3192,43,41,4,1,14,7,28,14,21,42,5325.26
game_615,rwanda,usa,1,8,7,3.994,3.3715000000000006,34,27,12,8,6,12,15,26,18,41,3927.35
game_616,germany,brazil,1,3,4,2.129,4.734500000000001,21,32,6,8,9,7,18,14,16,32,4259.53
game_617,switzerland,oman,0,3,4,3.9905000000000004,3.216499999999999,35,28,3,7,6,15,12,30,21,42,3599.99
game_618,uk,new_zealand,0,1,2,2.0299,3.0603,17,30,2,3,5,5,10,10,10,20,3600.0
game_619,indonesia,vietnam,0,0,3,3.0715,2.7328,26,24,0,5,4,5,8,10,9,18,3599.9900000000002
game_62,guatemala,saudi_arabia,0,2,1,2.2497,2.8996000000000004,21,30,3,1,3,5,6,10,8,16,3599.99
game_620,singapore,peru,0,0,3,2.8764000000000003,3.1418,22,29,0,5,5,5,10,10,10,20,3599.9900000000002
game_621,mongolia,kazakhstan,0,3,0,2.3697,1.5985,23,18,5,0,1,6,2,12,7,14,3600.0
game_622,guatemala,south_korea,0,2,4,2.9891,2.6535,25,30,3,4,9,10,18,20,19,38,3600.0000000000005
game_623,usa,saudi_arabia,0,0,5,3.3733,2.8357,33,24,0,6,11,6,22,12,17,34,3599.99
game_624,uae,thailand,1,4,3,1.6406,3.8182,18,32,7,6,10,7,22,14,17,36,4348.38
game_625,mongolia,panama,1,3,4,2.9254,4.8449,32,37,5,6,9,11,18,22,20,40,4759.7300000000005
game_626,france,new_zealand,0,4,3,2.9106000000000005,2.1807,25,18,8,4,8,8,16,16,16,32,3600.0
game_627,rwanda,canada,0,1,5,2.1706999999999996,2.7934,21,24,2,10,7,7,14,14,14,28,3600.01
game_628,serbia,germany,0,5,1,4.884600000000001,2.3539,36,23,9,2,3,8,6,16,11,22,3599.9900000000002
game_629,singapore,morocco,0,3,1,2.2392000000000003,2.4080999999999997,27,21,4,0,6,4,12,8,10,20,3600.0000000000005
game_63,new_zealand,serbia,0,6,4,3.1902999999999997,2.9715000000000003,27,24,10,5,11,8,22,16,19,38,3600.03
game_630,guatemala,south_korea,0,5,2,5.143700000000001,1.9337,35,27,10,2,5,14,13,31,19,44,3600.0
game_631,brazil,pakistan,0,3,5,2.6283,3.4603,21,37,4,9,6,4,12,8,10,20,3599.98
game_632,india,china,0,2,0,1.9588999999999999,3.2239,22,27,4,0,7,6,14,12,13,26,3600.0
game_633,uk,ethiopia,0,5,6,4.572900000000001,3.3374,37,32,8,10,4,5,8,10,9,18,3599.9800000000005
game_634,kazakhstan,philippines,0,1,0,1.492,1.7298,13,17,1,0,4,5,8,10,9,18,3599.9999999999995
game_635,iceland,peru,0,1,4,1.5964,2.5273,15,27,2,6,7,8,14,18,15,32,3600.0099999999998
game_636,switzerland,netherlands,0,3,4,1.9068,2.4144,24,25,5,6,6,2,12,4,8,16,3600.0100000000007
game_637,indonesia,oman,0,2,4,3.3368999999999995,2.7134,32,24,3,8,7,8,14,16,15,30,3600.0000000000005
game_638,thailand,mongolia,0,4,1,4.3575,1.4987000000000001,32,23,6,2,6,14,15,30,20,45,3600.0
game_639,saudi_arabia,south_korea,0,3,2,2.3016,1.4338000000000002,19,16,5,3,4,8,8,16,12,24,3599.9900000000002
game_64,thailand,ethiopia,0,2,4,2.9768000000000003,2.1216999999999997,25,21,4,7,8,9,18,18,17,36,3599.99
game_640,canada,rwanda,1,3,4,4.4098,2.6328000000000005,36,26,5,8,7,7,14,14,14,28,3861.7400000000002
game_641,switzerland,pakistan,1,4,3,2.4222,3.2808,21,30,5,4,8,12,16,24,20,40,3822.3900000000003
game_642,panama,serbia,0,9,3,4.513599999999999,2.6183,40,25,14,5,4,10,8,20,14,28,3599.9900000000002
game_643,iceland,uae,0,4,0,2.0889,1.1241999999999999,24,14,5,0,3,2,6,4,5,10,3599.97
game_644,india,indonesia,0,2,6,2.8398000000000003,5.2062,29,45,2,11,11,7,24,14,18,38,3600.01
game_645,morocco,brazil,0,2,3,3.4795000000000003,2.9789000000000003,38,25,3,6,6,3,12,8,9,20,3600.0099999999998
game_646,singapore,germany,0,2,1,2.4280000000000004,3.5427,22,25,4,1,8,4,19,8,12,27,3599.9999999999995
game_647,ethiopia,kazakhstan,0,3,1,3.6327999999999996,2.2163,30,27,5,2,3,4,6,8,7,14,3600.02
game_648,oman,china,0,0,1,2.0825,1.5500000000000003,19,15,0,2,4,6,8,12,10,20,3600.0000000000005
game_649,new_zealand,vietnam,0,2,3,3.3582,1.8561,25,15,2,6,8,7,16,14,15,30,3600.0099999999998
game_65,india,rwanda,0,2,1,2.1747,2.5635999999999997,19,25,4,1,4,8,8,16,12,24,3599.9700000000007
game_650,guatemala,uk,0,3,2,1.7709000000000001,4.1006,18,35,5,3,7,1,14,2,8,16,3600.02
game_651,philippines,france,0,5,1,3.9168000000000003,2.402,35,19,9,1,4,5,8,13,9,21,3600.0
game_652,mexico,peru,1,1,2,4.8977,3.061,39,36,2,4,5,10,10,20,15,30,5152.22
game_653,rwanda,serbia,1,2,3,2.4951,2.699,25,25,4,6,9,5,18,10,14,28,3933.09
game_654,panama,saudi_arabia,1,3,2,3.6152,2.2068,30,19,5,4,5,8,10,16,13,26,3703.52
game_655,ethiopia,thailand,0,3,4,4.0641,2.7968,34,26,6,7,5,9,10,20,14,30,3600.0200000000004
game_656,new_zealand,morocco,0,0,4,2.7890999999999995,1.9098,28,16,0,7,8,7,16,14,15,30,3600.019999999999
game_657,china,indonesia,1,1,2,2.9899,3.5980999999999996,24,38,1,3,7,4,14,8,11,22,4483.28
game_658,germany,pakistan,0,3,6,2.7344999999999997,3.711499999999999,20,30,4,11,4,7,8,14,11,22,3600.0299999999997
game_659,peru,switzerland,0,3,2,2.4495000000000005,3.0,25,29,4,2,8,6,16,12,14,28,3599.979999999999
game_66,indonesia,pakistan,0,0,1,2.3975,3.4085,21,29,0,2,4,10,8,20,14,28,3599.9999999999995
game_660,oman,guatemala,0,4,5,3.5692000000000004,4.2315,33,36,7,8,9,8,18,16,17,34,3600.03
game_661,mexico,philippines,0,5,3,2.7998000000000003,2.3956,28,23,10,5,4,3,8,6,7,14,3599.9799999999996
game_662,france,usa,1,3,4,3.7547,3.5532,29,30,5,7,5,9,10,18,14,28,3731.8199999999993
game_663,canada,mongolia,1,3,4,4.2341,2.0867,32,22,4,8,6,11,12,22,17,34,4071.76
game_664,netherlands,india,0,1,0,1.0941999999999998,2.6010999999999997,10,29,2,0,8,3,16,6,11,22,3600.01
game_665,iceland,kazakhstan,0,3,2,1.7092,2.6539,14,24,5,4,8,7,16,14,15,30,3600.01
game_666,vietnam,brazil,0,4,1,4.5451999999999995,3.2944999999999998,37,22,6,1,6,13,12,26,19,38,3599.9999999999995
game_667,uk,uae,0,4,3,3.8118,2.6401000000000003,30,22,5,6,4,8,8,16,12,24,3599.9899999999993
game_668,south_korea,singapore,0,7,3,6.3542,2.468,45,22,12,2,8,12,16,26,20,42,3600.0
game_669,uae,usa,0,2,3,3.5459,1.7355,27,21,2,5,2,10,4,20,12,24,3599.99
game_67,china,brazil,0,3,2,2.8089999999999997,2.8869000000000002,27,25,5,4,3,8,6,16,11,22,3600.0
game_670,thailand,south_korea,1,5,6,6.1415999999999995,4.8203,46,46,7,11,13,12,26,24,25,50,4824.849999999999
game_671,rwanda,vietnam,1,2,3,5.1494,2.267,44,22,2,6,9,9,18,18,18,36,3974.0000000000005
game_672,ethiopia,new_zealand,0,2,0,2.5824999999999996,1.9415000000000002,18,21,4,0,6,8,12,16,14,28,3600.0099999999998
game_673,kazakhstan,indonesia,0,3,2,3.4997,2.2243,30,18,6,3,7,6,14,12,13,26,3599.98
game_674,iceland,mexico,0,5,4,3.3671,3.6296999999999997,29,32,10,6,13,12,29,24,25,53,3599.9799999999996
game_675,china,switzerland,0,4,1,4.9177,2.2983,39,31,7,2,8,10,16,20,18,36,3600.0
game_676,pakistan,oman,0,8,1,4.9089,2.3567000000000005,36,22,14,1,6,8,12,16,14,28,3600.0099999999993
game_677,philippines,canada,1,2,1,2.33,1.56,25,15,4,2,3,5,6,10,8,16,3683.1800000000003
game_678,serbia,india,1,1,2,3.5257000000000005,4.3078,34,44,2,2,8,6,16,12,14,28,4269.83
game_679,germany,saudi_arabia,0,2,1,2.8254,2.3629999999999995,23,20,3,2,3,5,6,10,8,16,3600.01
game_68,south_korea,morocco,0,3,4,3.6182000000000003,2.702,37,26,5,8,6,6,12,12,12,24,3600.0
game_680,singapore,panama,0,2,8,2.3966,6.613499999999999,24,44,1,15,11,2,22,6,13,28,3600.0000000000005
game_681,peru,netherlands,1,1,2,2.0647,1.2842000000000002,22,15,2,3,5,4,12,8,9,20,4342.089999999999
game_682,france,morocco,1,6,5,4.8849,2.8453999999999997,50,30,10,7,1,4,2,8,5,10,4462.2
game_683,mongolia,uk,0,2,1,2.556,2.2013999999999996,22,19,3,2,3,6,6,15,9,21,3600.0099999999998
game_684,canada,rwanda,0,2,1,1.7380000000000002,2.0765,15,20,4,1,6,6,12,12,12,24,3599.9699999999993
game_685,china,thailand,1,5,4,4.2292,2.7332000000000005,29,25,6,7,4,11,8,22,15,30,4187.75
game_686,vietnam,guatemala,0,1,6,1.1978,4.6719,16,34,2,9,8,2,19,4,10,23,3600.0200000000004
game_687,mexico,saudi_arabia,0,2,1,2.1088999999999998,2.6066000000000003,23,20,4,2,10,4,20,8,14,28,3600.0100000000007
game_688,usa,south_korea,0,4,0,3.5290999999999997,2.8773999999999997,28,27,8,0,6,8,12,16,14,28,3600.01
game_689,singapore,indonesia,0,2,3,2.8334,3.3156000000000003,26,32,3,4,8,4,16,11,12,27,3599.9800000000005
game_69,switzerland,uk,1,3,2,3.6304999999999996,3.4631,34,31,5,4,9,8,18,16,17,34,4144.7699999999995
game_690,ethiopia,germany,0,3,4,3.9222,4.260699999999999,31,37,3,7,9,7,18,14,16,32,3600.0099999999998
game_691,peru,panama,0,0,3,2.4254999999999995,2.5221999999999998,22,24,0,6,6,5,12,10,11,22,3600.0
game_692,new_zealand,france,0,2,3,2.9903999999999997,5.1787,23,35,4,5,10,7,20,14,17,34,3600.0099999999998
game_693,uk,pakistan,0,6,1,3.4958,3.4068,21,29,9,2,5,7,10,14,12,24,3600.0
game_694,uae,kazakhstan,0,1,5,1.3339999999999996,3.8190999999999997,13,36,1,6,11,4,22,8,15,30,3600.0
game_695,netherlands,morocco,0,3,4,3.3318999999999996,2.1722,29,24,4,5,5,5,10,10,10,20,3600.0
game_696,iceland,india,0,4,5,3.2039000000000004,3.3984,31,38,5,9,7,3,16,6,10,22,3600.0200000000004
game_697,serbia,mongolia,0,1,2,3.5305999999999997,1.5372999999999999,29,21,0,4,3,10,6,20,13,26,3600.0000000000005
game_698,switzerland,oman,0,7,2,3.8571,2.3463000000000003,33,23,12,4,4,9,8,18,13,26,3600.01
game_699,kazakhstan,usa,0,3,4,2.6946999999999997,2.9680999999999997,23,22,3,7,4,4,8,8,8,16,3600.0000000000005
game_7,germany,rwanda,1,4,5,2.9504,2.5971,27,23,6,8,7,7,14,14,14,28,3919.649999999999
game_70,mexico,oman,0,0,2,1.8582999999999998,2.2227,19,24,0,2,5,8,10,16,13,26,3599.9999999999995
game_700,philippines,thailand,0,3,4,1.8334000000000001,2.6473,19,23,5,7,3,5,6,10,8,16,3600.0099999999998
game_701,rwanda,vietnam,0,1,3,2.2083000000000004,1.6280000000000001,19,13,2,6,6,3,12,9,9,21,3600.01
game_702,mongolia,ethiopia,0,3,0,2.2269,1.9525000000000001,24,20,4,0,4,11,8,22,15,30,3599.9999999999995
game_703,netherlands,peru,0,1,2,2.3668,2.6084,20,26,2,4,12,6,24,12,18,36,3600.0100000000007
game_704,indonesia,mexico,1,2,3,2.3110999999999997,3.4042,26,30,3,4,5,8,10,16,13,26,3987.06
game_705,new_zealand,india,0,1,2,2.9175999999999997,2.038,24,21,1,4,6,9,12,18,15,30,3600.02
game_706,pakistan,canada,0,1,7,2.1158,3.3774,21,29,2,10,11,4,24,8,15,32,3600.01
game_707,germany,switzerland,0,5,1,3.0962,2.1831,26,23,9,2,4,9,8,21,13,29,3600.0
game_708,singapore,china,0,5,4,3.4767,2.5063,30,21,9,6,2,7,4,14,9,18,3600.0099999999998
game_709,oman,france,0,2,3,3.1718,2.553,25,22,4,4,10,7,20,14,17,34,3600.0000000000005
game_71,mongolia,usa,0,1,4,3.4813,3.4551000000000003,36,32,1,7,4,7,8,14,11,22,3600.02
game_710,iceland,uk,0,1,4,1.7496,3.8575999999999997,18,31,2,7,8,3,16,6,11,22,3600.0
game_711,guatemala,serbia,0,3,4,2.9784999999999995,2.9298,26,31,2,6,6,5,12,10,11,22,3600.0099999999998
game_712,brazil,saudi_arabia,0,2,1,2.9438,1.7972000000000001,25,21,2,2,2,5,4,10,7,14,3600.0100000000007
game_713,south_korea,panama,0,2,3,3.0815,2.705,32,22,3,4,9,2,18,4,11,22,3600.0
game_714,rwanda,brazil,0,1,4,2.2401000000000004,3.3905,26,26,1,8,7,4,14,8,11,22,3599.9999999999995
game_715,pakistan,serbia,0,3,1,3.3975999999999997,2.9617,30,25,6,0,7,7,14,14,14,28,3599.9800000000005
game_716,india,germany,0,3,4,3.334,3.2087000000000003,33,28,3,7,7,3,14,6,10,20,3599.9999999999995
game_717,panama,ethiopia,0,3,0,3.9949000000000003,1.7566,32,21,6,0,3,10,6,20,13,26,3599.99
game_718,morocco,saudi_arabia,0,5,1,4.5182,2.1349000000000005,34,24,7,2,6,12,12,24,18,36,3600.0099999999998
game_719,indonesia,oman,0,2,4,1.9353000000000002,2.8363,18,24,2,3,5,8,10,16,13,26,3600.0299999999997
game_72,philippines,germany,0,3,2,3.4830999999999994,3.0561999999999996,29,27,5,4,2,5,4,10,7,14,3600.01
game_720,peru,china,0,4,3,2.1016000000000004,2.0258999999999996,23,15,7,5,7,4,14,8,11,22,3600.0099999999993
game_721,netherlands,kazakhstan,0,4,0,3.9319999999999995,1.8367,33,22,7,0,2,4,4,8,6,12,3599.99
game_722,new_zealand,philippines,0,3,4,3.629600000000001,2.2581,32,22,4,4,6,7,12,14,13,26,3600.0
game_723,usa,iceland,0,4,5,3.2316000000000003,3.3285,26,29,7,8,6,4,12,8,10,20,3600.01
game_724,thailand,uk,0,2,3,4.158399999999999,3.7465999999999995,30,36,3,6,6,9,12,18,15,30,3599.9900000000007
game_725,switzerland,mexico,0,4,0,2.6331999999999995,2.5078,25,27,8,0,4,9,8,18,13,26,3599.9800000000005
game_726,guatemala,mongolia,1,3,2,3.4797000000000002,1.9074,34,21,6,4,8,7,16,14,15,30,4035.64
game_727,france,canada,1,6,5,5.0809,2.3762,37,24,10,9,3,8,6,16,11,22,4047.0000000000005
game_728,vietnam,south_korea,0,6,3,2.3672000000000004,3.1451999999999996,19,29,10,4,5,8,10,16,13,26,3599.9999999999995
game_729,singapore,uae,1,4,5,3.2137000000000002,3.468,33,32,6,8,10,5,20,12,15,32,4477.21
game_73,iceland,panama,0,2,3,1.929,3.8994000000000004,20,33,3,5,11,4,22,8,15,30,3600.0000000000005
game_730,pakistan,rwanda,0,7,0,4.3201,2.8363,38,25,10,0,7,5,14,10,12,24,3600.01
game_731,morocco,serbia,0,2,3,4.8748000000000005,2.6961,37,28,2,6,8,12,16,24,20,40,3599.99
game_732,saudi_arabia,india,1,2,1,5.113999999999999,3.9941,48,42,3,1,11,13,22,29,24,51,5973.020000000001
game_733,panama,switzerland,0,5,1,2.5374999999999996,1.7688,24,20,7,2,7,5,14,10,12,24,3599.97
game_734,usa,oman,1,4,5,3.7781000000000002,3.5262000000000002,32,33,7,8,6,13,14,26,19,40,4337.900000000001
game_735,ethiopia,china,0,2,1,2.825,2.5493,26,22,4,2,4,6,8,12,10,20,3600.0099999999998
game_736,germany,indonesia,0,0,5,3.1380000000000003,2.7837,25,28,0,7,4,3,8,6,7,14,3599.9800000000005
game_737,vietnam,philippines,1,2,3,4.8235,2.3453,40,21,4,3,9,8,18,16,17,34,3993.1100000000006
game_738,iceland,mongolia,0,4,2,2.1243,2.2721000000000005,20,20,6,3,13,7,26,14,20,40,3600.0
game_739,netherlands,uk,1,3,2,4.616500000000001,2.9322,39,27,5,3,5,6,10,12,11,22,4595.7
game_74,netherlands,france,0,5,3,3.6959999999999997,3.3245,32,30,10,5,7,8,14,16,15,30,3600.0
game_740,new_zealand,uae,0,9,1,4.5079,1.6516,40,16,9,1,3,7,6,14,10,20,3600.0000000000005
game_741,thailand,guatemala,0,3,2,2.1062999999999996,3.1948,23,29,5,2,9,2,18,4,11,22,3599.980000000001
game_742,kazakhstan,france,1,2,3,2.2686,2.7651000000000003,21,25,4,6,3,6,6,12,9,18,4862.91
game_743,south_korea,mexico,0,7,6,2.9086,3.3427000000000002,30,29,11,8,11,10,22,20,21,42,3600.0099999999998
game_744,singapore,canada,0,0,2,3.7405000000000004,3.5915999999999997,34,31,0,2,6,7,12,14,13,26,3600.0100000000007
game_745,peru,brazil,0,7,1,4.5245,1.822,34,16,12,0,6,11,12,22,17,34,3600.01
game_746,guatemala,vietnam,0,4,6,4.766500000000001,3.0422,38,37,6,8,6,5,12,10,11,22,3600.01
game_747,brazil,germany,0,3,2,2.8657,2.2261,23,21,4,4,3,4,6,8,7,14,3599.9999999999995
game_748,south_korea,china,0,5,0,3.7837,2.5414,37,25,8,0,3,8,6,16,11,22,3600.02
game_749,usa,indonesia,0,4,3,3.1075,3.2390999999999996,26,28,8,4,9,4,18,10,13,28,3599.98
game_75,uae,kazakhstan,0,2,1,2.5628,1.6049000000000002,22,20,2,0,3,5,6,10,8,16,3599.99
game_750,guatemala,germany,0,0,5,3.3745000000000003,3.6792,30,33,0,8,10,3,20,6,13,26,3600.0099999999998
game_751,ethiopia,thailand,0,5,4,3.688799999999999,4.3661,32,33,8,5,5,8,10,16,13,26,3600.0
game_752,philippines,india,0,1,0,1.5581,2.0867000000000004,16,25,1,0,3,5,6,10,8,16,3599.99
game_753,morocco,rwanda,0,2,1,2.8539000000000003,3.5894999999999997,31,37,2,2,6,8,12,16,14,28,3599.9900000000002
game_754,vietnam,pakistan,1,4,5,2.6383,4.976100000000001,20,39,4,7,12,13,24,26,25,50,3647.74
game_755,saudi_arabia,singapore,1,3,2,2.8085000000000004,1.9513,27,21,4,4,3,2,6,4,5,10,3655.6699999999996
game_756,netherlands,oman,0,5,0,4.709499999999999,2.3044000000000002,34,22,5,0,7,15,14,30,22,44,3599.98
game_757,uk,iceland,1,4,3,3.3806000000000003,2.5679,26,23,8,3,10,10,22,23,20,45,4438.24
game_758,france,china,1,2,3,4.1718,4.0988999999999995,35,34,4,6,7,9,14,18,16,32,5058.200000000001
game_759,serbia,panama,0,4,3,3.6369000000000002,3.5258000000000007,31,35,3,6,9,8,18,19,17,37,3599.99
game_76,vietnam,singapore,1,3,2,3.9971,4.213300000000001,33,36,4,4,6,8,16,16,14,32,4804.4
game_760,peru,mongolia,0,4,3,4.231,1.8697000000000001,34,20,8,6,8,8,16,16,16,32,3600.0199999999995
game_761,brazil,canada,1,4,3,3.1611000000000002,3.6871,24,33,4,4,6,4,12,8,10,20,3893.81
game_762,kazakhstan,new_zealand,0,4,0,3.2393,2.4169,24,21,7,0,4,15,8,30,19,38,3600.0
game_763,uae,mexico,0,5,3,3.0946,3.1319,27,32,7,4,5,10,10,20,15,30,3600.01
game_764,south_korea,switzerland,0,4,3,4.641500000000001,2.7024999999999997,41,24,5,3,9,9,18,18,18,36,3599.9999999999995
game_765,peru,usa,0,5,1,3.0049000000000006,2.9463999999999997,29,25,10,2,8,5,16,10,13,26,3600.0
game_766,china,switzerland,0,9,4,4.099600000000001,2.7106,34,27,13,7,9,8,18,16,17,34,3600.02
game_767,saudi_arabia,pakistan,0,2,7,2.2331000000000003,4.0476,18,36,4,10,10,8,20,16,18,36,3599.99
game_768,rwanda,mexico,0,0,3,2.8918,3.1818000000000004,28,26,0,3,9,7,18,16,16,34,3599.99
game_769,uk,guatemala,0,4,0,4.1996,1.6284,38,17,5,0,1,8,2,16,9,18,3600.01
game_77,peru,canada,0,2,1,2.0353999999999997,1.4348,21,14,4,1,8,5,16,10,13,26,3600.02
game_770,serbia,thailand,0,5,3,2.955,3.507,31,30,6,5,7,7,14,14,14,28,3599.9900000000002
game_771,india,philippines,1,3,4,3.8184000000000005,3.5682,42,33,6,5,10,5,20,10,15,30,5508.95
game_772,kazakhstan,oman,0,0,1,2.3177000000000003,2.2206999999999995,22,19,0,2,5,5,10,10,10,20,3600.01
game_773,morocco,indonesia,1,2,3,2.8825000000000003,2.753,24,35,3,6,11,16,22,32,27,54,5319.01
game_774,singapore,ethiopia,0,4,7,3.6106000000000003,2.8799,27,27,6,12,4,10,8,20,14,28,3600.0099999999998
game_775,new_zealand,south_korea,0,6,5,2.5781,4.0871,24,37,10,8,5,6,10,12,11,22,3599.9900000000002
game_776,france,vietnam,0,3,2,5.1015999999999995,1.8257999999999999,33,16,3,3,1,10,2,20,11,22,3600.0
game_777,uae,mongolia,0,0,1,3.0841,1.7120999999999997,28,20,0,2,7,9,14,18,16,32,3600.0100000000007
game_778,germany,panama,0,7,3,3.1995,2.3964,27,21,10,3,5,6,10,12,11,22,3599.98
game_779,netherlands,canada,0,6,2,3.2975,2.4326000000000003,28,22,12,3,11,7,22,14,18,36,3600.0200000000004
game_78,rwanda,uae,0,3,2,2.6279000000000003,2.0807,28,20,6,4,8,3,18,6,11,24,3600.0099999999993
game_780,brazil,iceland,0,8,0,5.513999999999999,0.5651,42,8,14,0,3,11,6,22,14,28,3600.01
game_781,thailand,rwanda,0,2,1,1.7167999999999999,1.806,15,19,4,2,5,4,10,8,9,18,3600.01
game_782,oman,usa,0,5,3,4.4731,3.4273000000000002,34,28,10,3,6,9,12,18,15,30,3599.9799999999996
game_783,mongolia,philippines,1,1,2,1.5090999999999999,3.4912,17,36,2,3,5,2,10,4,7,14,3990.25
game_784,pakistan,singapore,0,2,0,3.9080000000000004,2.5459000000000005,33,22,4,0,4,7,8,14,11,22,3600.0
game_785,china,guatemala,0,3,0,3.0782000000000003,1.7144000000000001,28,20,4,0,5,7,10,14,12,24,3599.9900000000002
game_786,indonesia,panama,1,2,1,2.4142,2.608,22,22,3,2,5,7,10,14,12,24,3862.47
game_787,iceland,peru,1,6,5,4.3378,3.3602999999999996,39,37,8,8,5,9,10,18,14,28,4885.84
game_788,germany,serbia,0,2,5,3.669,2.5412,33,25,4,10,3,7,6,14,10,20,3600.01
game_789,mexico,switzerland,0,3,6,2.1758,2.3634,22,23,6,9,7,6,14,12,13,26,3600.02
game_79,oman,china,1,5,4,3.6321,2.0905,33,19,8,7,5,9,10,18,14,28,3747.88
game_790,canada,kazakhstan,0,4,1,3.8649999999999998,1.682,27,14,7,2,7,10,14,20,17,34,3600.0
game_791,uk,france,0,2,1,1.7785,2.9406000000000003,14,25,4,1,4,3,8,6,7,14,3599.9999999999995
game_792,morocco,uae,0,0,4,1.5499,3.67,15,38,0,8,6,7,12,14,13,26,3600.0200000000004
game_793,new_zealand,ethiopia,0,4,2,3.8055000000000003,1.3913999999999997,30,15,6,2,3,13,6,29,16,35,3599.96
game_794,saudi_arabia,vietnam,1,4,3,2.7807999999999997,3.0454999999999997,23,31,8,1,8,5,16,10,13,26,3947.69
game_795,south_korea,netherlands,0,2,7,2.8756,2.9029999999999996,27,26,1,10,11,7,22,14,18,36,3600.0
game_796,rwanda,guatemala,0,1,2,2.0140999999999996,2.2264,23,23,2,1,6,3,12,6,9,18,3600.01
game_797,mongolia,serbia,0,2,0,1.3989,3.3718,17,30,3,0,7,7,14,16,14,30,3600.0000000000005
game_798,saudi_arabia,philippines,0,3,2,2.8242999999999996,1.748,24,20,5,4,3,6,6,12,9,18,3600.01
game_799,thailand,panama,0,3,0,3.7393,2.5473,29,26,5,0,4,6,8,12,10,20,3599.97
game_8,china,singapore,0,3,4,3.2328999999999994,2.7965,28,27,6,5,5,4,10,8,9,18,3600.02
game_80,philippines,saudi_arabia,1,1,2,3.0126000000000004,2.6724,30,24,2,4,9,6,18,12,15,30,5437.07
game_800,ethiopia,morocco,0,6,4,3.6764,4.738200000000001,35,45,12,7,12,8,24,18,20,42,3600.0
game_801,china,indonesia,1,4,3,2.8122000000000003,2.704,23,34,5,6,6,4,12,8,10,20,3800.01
game_802,india,new_zealand,0,4,3,3.0975999999999995,2.0903,25,21,8,3,1,7,2,14,8,16,3599.98
game_803,south_korea,pakistan,0,3,1,3.5067000000000004,2.7544,31,23,6,0,4,10,8,20,14,28,3599.9900000000002
game_804,switzerland,peru,0,1,3,1.0268000000000002,2.2523,13,26,0,4,7,4,14,8,11,22,3600.000000000001
game_805,uk,oman,0,2,3,4.859500000000001,3.1031000000000004,34,25,4,6,6,7,14,14,13,28,3599.9900000000002
game_806,france,germany,0,2,3,3.2045,2.6823999999999995,25,24,2,3,2,9,4,20,11,24,3599.9900000000002
game_807,usa,kazakhstan,0,5,1,2.7857000000000003,2.5308,23,23,10,2,7,3,14,6,10,20,3599.9900000000002
game_808,canada,brazil,0,0,4,2.3634999999999997,3.5254000000000003,25,26,0,7,9,6,18,12,15,30,3599.99
game_809,iceland,vietnam,0,1,2,2.9972999999999996,2.1307000000000005,22,21,2,1,8,8,16,16,16,32,3600.0
game_81,serbia,ethiopia,0,4,3,2.4779,3.077,21,26,8,6,9,8,18,16,17,34,3600.02
game_810,mexico,singapore,0,3,4,4.4604,2.6647,31,22,6,7,9,8,18,16,17,34,3599.99
game_811,netherlands,uae,0,2,0,2.5116000000000005,2.8615,26,32,3,0,4,3,8,6,7,14,3600.01
game_812,thailand,singapore,0,2,7,3.465,3.9342,28,31,3,13,10,8,20,16,18,36,3599.98
game_813,ethiopia,serbia,0,3,4,4.834899999999999,3.5224,36,36,4,6,5,8,10,16,13,26,3600.0200000000004
game_814,saudi_arabia,philippines,0,1,2,3.0806,1.8221,23,19,2,3,5,6,10,12,11,22,3600.0099999999998
game_815,usa,france,0,3,4,3.1607000000000003,3.1835,24,30,6,6,6,8,12,16,14,28,3599.9900000000002
game_816,peru,india,1,1,2,2.7498,4.9612,29,49,1,3,11,8,24,16,19,40,5376.91
game_817,south_korea,germany,0,6,1,3.6563,1.8164,33,17,9,2,3,3,6,6,6,12,3599.9999999999995
game_818,kazakhstan,uae,1,3,2,1.8359,2.1355999999999997,22,18,4,3,3,3,6,6,6,12,3616.1200000000003
game_819,indonesia,iceland,0,1,2,2.2207999999999997,1.7971000000000001,22,16,2,4,4,5,8,10,9,18,3600.0099999999998
game_82,india,panama,0,5,1,3.7182999999999997,1.6280000000000001,33,19,7,2,1,8,2,16,9,18,3600.0
game_820,switzerland,rwanda,0,1,0,1.4919000000000002,3.4107000000000003,14,32,1,0,5,5,10,10,10,20,3599.9900000000007
game_821,canada,pakistan,0,4,1,3.8896000000000006,3.633,30,30,7,2,7,9,14,20,16,34,3600.0
game_822,uk,china,0,3,2,2.8324000000000003,3.032400000000001,23,26,4,2,2,5,4,10,7,14,3599.98
game_823,new_zealand,panama,0,0,2,2.7580999999999998,2.8913,23,26,0,4,6,4,12,8,10,20,3600.01
game_824,vietnam,guatemala,0,2,3,3.1335999999999995,1.9434999999999998,32,18,4,6,6,6,12,12,12,24,3600.0099999999998
game_825,morocco,netherlands,0,0,2,2.1599,2.4356,24,24,0,4,8,7,16,14,15,30,3600.0000000000005
game_826,mongolia,brazil,0,2,0,1.2823,4.6061,17,35,2,0,7,6,14,12,13,26,3599.9999999999995
game_827,south_korea,thailand,0,4,5,2.0091,5.0622,23,35,7,9,8,3,16,6,11,22,3600.0099999999998
game_828,uk,morocco,1,3,4,4.0728,3.4008,40,30,6,7,6,5,12,10,11,22,4693.569999999999
game_829,china,rwanda,0,3,4,2.7374,2.0557,25,25,4,7,4,4,8,8,8,16,3599.9900000000002
game_83,pakistan,switzerland,0,2,1,3.6780999999999997,2.1224000000000003,30,24,3,2,8,9,16,18,17,34,3599.99
game_830,new_zealand,mongolia,0,3,0,2.5100000000000002,1.3809000000000002,19,17,6,0,4,5,8,10,9,18,3600.0
game_831,pakistan,usa,0,7,1,5.7939,1.6213,42,16,11,2,7,10,16,20,17,36,3599.9799999999996
game_832,vietnam,saudi_arabia,1,2,3,2.9167,3.5058,28,29,3,5,7,8,16,18,15,34,3990.75
game_833,oman,peru,0,1,5,2.444,3.747,25,27,2,9,9,4,18,8,13,26,3600.0199999999995
game_834,mexico,ethiopia,0,5,3,2.6978,2.9167000000000005,27,31,8,6,5,5,10,10,10,20,3599.9800000000005
game_835,indonesia,kazakhstan,0,3,1,2.3411,2.3495,20,24,5,2,3,4,6,8,7,14,3600.0300000000007
game_836,panama,iceland,0,2,1,2.4765,1.8935,21,18,4,2,1,7,2,14,8,16,3599.98
game_837,singapore,serbia,0,1,3,2.0827,3.8814,21,29,2,5,10,4,20,8,14,28,3599.99
game_838,france,switzerland,0,2,3,2.0327,2.1766,19,23,3,5,5,4,10,8,9,18,3600.0
game_839,guatemala,uae,0,0,1,2.9425,1.2919,24,20,0,0,2,9,4,20,11,24,3600.01
game_84,morocco,kazakhstan,0,1,4,3.2091000000000003,2.8609,27,24,2,7,7,5,14,13,12,27,3600.0000000000005
game_840,canada,india,0,0,3,1.9556,2.7071,17,25,0,6,9,10,21,20,19,41,3600.0000000000005
game_841,philippines,brazil,0,2,3,3.8845,2.2003999999999997,34,20,2,3,2,9,4,18,11,22,3599.9900000000007
game_842,netherlands,germany,0,3,1,3.6208,2.8981000000000003,28,24,6,2,7,9,18,18,16,36,3599.99
game_843,usa,china,0,2,1,3.1759,4.221100000000001,25,34,2,2,7,7,14,16,14,30,3600.0
game_844,saudi_arabia,thailand,0,2,0,1.7491,4.2356,19,35,1,0,6,5,12,10,11,22,3600.0
game_845,kazakhstan,pakistan,0,2,3,2.6546,3.7258999999999998,23,31,3,6,3,5,6,10,8,16,3600.0
game_846,peru,singapore,0,2,1,2.3776,3.2274,24,22,2,2,8,3,19,6,11,25,3600.03
game_847,germany,panama,0,2,3,3.1000000000000005,2.416,25,21,4,6,2,5,4,10,7,14,3600.0000000000005
game_848,indonesia,morocco,1,2,1,4.1171,2.8529,43,30,2,1,3,9,6,18,12,24,4789.98
game_849,india,guatemala,0,7,0,3.4583999999999997,2.5451,35,28,12,0,5,8,10,18,13,28,3600.0
game_85,usa,uk,1,2,1,4.1215,3.0697,33,27,2,2,7,9,14,18,16,32,4391.51
game_850,mongolia,rwanda,0,2,3,2.9347,1.8100000000000003,26,19,4,4,4,14,8,31,18,39,3599.9899999999993
game_851,new_zealand,mexico,0,3,1,1.55,2.751,15,21,3,2,10,10,20,20,20,40,3600.0
game_852,france,ethiopia,0,4,3,3.4199,2.3181,31,22,5,4,3,7,6,14,10,20,3600.0099999999998
game_853,oman,vietnam,0,6,2,3.5255,3.3817,27,26,7,3,7,8,14,18,15,32,3599.98
game_854,serbia,canada,0,2,0,3.1951,2.0147,30,22,4,0,4,3,8,6,7,14,3599.9700000000003
game_855,iceland,philippines,0,2,1,3.373,1.5979,28,18,4,2,5,4,10,8,9,18,3600.01
game_856,switzerland,uae,0,4,2,1.9747,2.2233000000000005,25,21,8,2,9,5,18,10,14,28,3600.0000000000005
game_857,brazil,south_korea,0,4,2,3.6497,2.1218999999999997,26,25,6,4,6,11,12,22,17,34,3600.0000000000005
game_858,saudi_arabia,germany,0,2,5,2.2473,2.6275,18,25,4,8,7,5,14,10,12,24,3599.9900000000002
game_859,morocco,uae,0,2,3,5.3136,1.6939,49,21,2,6,5,9,10,18,14,28,3600.0
game_86,indonesia,iceland,0,3,1,2.473,2.4622,25,22,4,2,3,7,6,14,10,20,3600.0000000000005
game_860,uk,serbia,0,8,3,6.1366,2.302,40,20,15,5,5,16,10,32,21,42,3600.02
game_861,thailand,netherlands,0,3,2,2.4821999999999997,2.4674,24,24,4,2,6,4,12,8,10,20,3600.0
game_862,rwanda,new_zealand,1,3,2,2.6924,2.1,23,18,6,4,11,6,22,12,17,34,3642.48
game_863,pakistan,philippines,0,3,0,1.9426,2.5841,18,24,4,0,8,2,19,4,10,23,3600.0000000000005
game_864,oman,france,0,2,1,3.5457000000000005,3.0932999999999997,29,26,4,2,4,5,8,13,9,21,3600.0099999999993
game_865,singapore,usa,0,2,3,2.8571000000000004,3.6705,26,32,4,6,7,7,14,14,14,28,3599.9999999999995
game_866,panama,indonesia,0,4,1,2.8447,2.7661,26,25,6,1,7,1,14,2,8,16,3599.98
game_867,mexico,south_korea,0,1,3,3.4508000000000005,2.7080000000000006,32,29,2,5,6,5,12,10,11,22,3599.9900000000002
game_868,guatemala,india,0,4,3,3.0295000000000005,2.383,27,29,5,6,7,8,14,16,15,30,3600.0
game_869,iceland,china,0,1,2,2.4972000000000003,3.012,21,25,2,1,10,8,20,16,18,36,3600.0
game_87,south_korea,germany,0,2,1,2.6077000000000004,2.9173999999999998,20,26,4,2,6,7,12,14,13,26,3600.01
game_870,switzerland,brazil,0,1,3,2.0236,2.5082999999999998,23,23,1,6,9,11,20,22,20,42,3599.99
game_871,kazakhstan,mongolia,0,0,4,2.9253,3.6951,27,31,0,7,11,6,24,12,17,36,3600.0199999999995
game_872,ethiopia,vietnam,1,4,3,2.9949,1.7961999999999998,25,18,7,3,7,8,17,16,15,33,3634.3599999999997
game_873,india,pakistan,1,4,3,2.5718,5.8885,25,47,1,5,13,10,26,20,23,46,3728.3500000000004
game_874,saudi_arabia,china,0,1,2,1.8176,1.7711,16,16,2,2,5,6,10,12,11,22,3600.0099999999998
game_875,peru,uk,0,2,0,2.5334999999999996,2.2151,23,20,3,0,4,6,8,14,10,22,3600.01
game_876,iceland,morocco,0,4,3,2.0823,2.0201,23,22,5,4,4,8,8,16,12,24,3599.9800000000005
game_877,serbia,canada,0,3,0,2.8027,2.7091,22,28,5,0,3,5,6,10,8,16,3599.99
game_878,kazakhstan,germany,1,3,4,2.6103,2.0100000000000002,23,17,3,3,0,7,0,16,7,16,3989.9599999999996
game_879,rwanda,oman,0,3,1,3.6111,2.1961999999999997,32,21,5,2,4,7,8,14,11,22,3599.99
game_88,mexico,mongolia,0,3,2,3.7579000000000002,1.9510999999999998,32,23,2,4,8,4,16,8,12,24,3600.02
game_880,south_korea,usa,1,2,3,3.9814000000000003,3.6302000000000003,35,29,2,5,13,8,28,16,21,44,3973.870000000001
game_881,guatemala,new_zealand,1,5,6,4.430100000000001,2.5314999999999994,32,31,8,10,7,7,17,17,14,34,3811.0699999999997
game_882,panama,mexico,0,2,3,3.9619,3.2837000000000005,35,25,3,4,8,5,16,10,13,26,3599.9900000000002
game_883,brazil,philippines,1,3,2,3.7342,3.3356999999999997,27,35,2,3,8,8,16,16,16,32,4060.79
game_884,vietnam,ethiopia,1,0,1,2.3203000000000005,2.6974,22,24,0,2,9,5,18,10,14,28,3603.12
game_885,uae,switzerland,1,1,2,3.1114,2.1396,31,25,2,4,5,8,10,16,13,26,3983.7700000000004
game_886,indonesia,netherlands,0,5,3,2.9732,3.3346,31,28,8,5,1,5,2,10,6,12,3599.99
game_887,france,singapore,0,2,3,3.3267,2.9067,27,23,3,3,9,7,18,14,16,32,3599.9899999999993
game_888,mongolia,thailand,0,1,4,1.2278000000000002,3.1867,15,27,2,6,8,10,16,20,18,36,3599.9999999999995
game_889,saudi_arabia,rwanda,0,2,3,2.7219,2.9493,22,28,4,6,3,8,6,16,11,22,3599.9800000000005
game_89,guatemala,thailand,0,3,6,2.9314999999999998,4.4458,28,37,5,9,10,7,20,14,17,34,3599.9999999999995
game_890,thailand,uae,0,8,2,5.4049,1.8964,37,20,15,2,5,10,10,20,15,30,3600.0000000000005
game_891,usa,panama,1,4,3,3.2986999999999993,3.6515999999999997,29,34,5,5,8,6,16,12,14,28,4364.38
game_892,oman,new_zealand,1,4,5,3.2493,3.1323999999999996,26,25,6,7,12,11,24,22,23,46,3749.7400000000002
game_893,germany,serbia,0,4,5,3.978,3.4021,32,27,7,7,6,5,12,10,11,22,3600.0
game_894,morocco,peru,0,1,6,2.5317,2.3767,27,32,2,9,3,2,6,4,5,10,3599.99
game_895,singapore,pakistan,0,3,6,2.4403,3.3309,21,29,6,8,9,7,18,16,16,34,3599.98
game_896,indonesia,india,0,4,1,2.5719000000000003,2.8245999999999998,26,32,8,2,2,7,4,14,9,18,3599.97
game_897,kazakhstan,guatemala,0,1,5,1.3452,3.6878,21,34,0,6,7,4,14,8,11,22,3600.0
game_898,china,switzerland,0,4,0,3.6063,1.1465,33,13,7,0,2,3,4,6,5,10,3600.01
game_899,mexico,philippines,1,3,4,3.6029999999999998,1.8763,33,17,5,7,5,4,10,8,9,18,4202.02
game_9,ethiopia,netherlands,0,3,1,2.3195,2.0778000000000003,24,21,4,2,3,5,6,10,8,16,3600.02
game_90,canada,vietnam,0,4,0,2.8871,1.0903,23,12,5,0,3,8,6,19,11,25,3599.9899999999993
game_900,mongolia,iceland,0,2,3,3.3138,3.0392,36,25,3,2,5,5,10,10,10,20,3600.0199999999995
game_901,vietnam,france,0,4,3,2.683,2.5049,23,19,6,4,5,4,10,8,9,18,3600.0
game_902,netherlands,uk,0,1,0,1.4183,2.0525,13,20,2,0,4,1,8,2,5,10,3600.02
game_903,brazil,canada,0,5,3,3.3882000000000003,2.1816999999999998,28,23,10,6,8,4,16,8,12,24,3600.0
game_904,south_korea,ethiopia,1,5,4,3.0050999999999997,3.4455000000000005,31,32,7,6,10,10,20,20,20,40,3752.7
game_905,uk,india,0,8,3,4.2677,2.5988,34,26,12,4,4,7,8,16,11,24,3599.99
game_906,panama,saudi_arabia,0,3,4,4.1528,3.834,30,31,4,8,10,10,20,20,20,40,3599.98
game_907,china,morocco,0,6,1,4.416799999999999,1.7969000000000002,41,21,10,0,7,4,14,8,11,22,3600.0000000000005
game_908,germany,canada,0,1,4,2.5235,2.5260000000000002,23,25,1,6,2,5,4,10,7,14,3600.0
game_909,serbia,indonesia,0,3,5,2.5208000000000004,2.9625,20,33,4,8,4,4,8,8,8,16,3599.9899999999993
game_91,singapore,brazil,0,2,5,2.1128,4.6209999999999996,25,32,3,8,7,2,17,4,9,21,3600.0100000000007
game_910,singapore,new_zealand,0,3,1,2.0721,3.1022000000000007,18,28,4,2,3,3,6,6,6,12,3600.0299999999997
game_911,kazakhstan,peru,0,2,6,1.7119,3.4366999999999996,18,28,4,9,8,5,19,10,13,29,3600.0099999999993
game_912,philippines,south_korea,0,4,0,2.0476,3.0587,21,26,7,0,8,4,16,8,12,24,3599.9700000000003
game_913,iceland,rwanda,1,6,7,5.1684,3.9753000000000003,44,41,12,14,8,10,16,20,18,36,4264.820000000001
game_914,mongolia,thailand,1,4,5,2.5088999999999997,4.5016,27,39,8,6,4,10,8,20,14,28,5018.64
game_915,ethiopia,switzerland,1,5,4,1.6962,3.4667,19,32,10,6,11,3,22,6,14,28,3943.86
game_916,oman,netherlands,1,5,4,4.5706999999999995,5.216300000000001,37,43,6,4,13,7,31,14,20,45,5770.69
game_917,guatemala,mexico,0,2,4,3.2977999999999996,3.2525999999999997,35,32,4,4,4,3,8,6,7,14,3600.0000000000005
game_918,pakistan,vietnam,0,2,1,2.9072000000000005,2.4657999999999998,24,23,2,2,7,4,14,8,11,22,3599.999999999999
game_919,usa,brazil,0,5,2,2.1725000000000003,2.3741,20,20,4,3,5,7,10,17,12,27,3599.9900000000002
game_92,new_zealand,netherlands,0,3,5,2.1757,2.3286000000000002,23,21,5,9,6,2,12,4,8,16,3599.9999999999995
game_920,uae,france,1,3,4,2.3526,3.0961000000000003,22,28,6,7,6,6,12,12,12,24,3841.68
game_921,usa,china,0,2,9,2.6222000000000003,3.5188999999999995,27,29,1,16,10,5,20,10,15,30,3600.0
game_922,pakistan,ethiopia,0,1,2,2.803,2.8329,24,24,2,0,12,11,24,22,23,46,3599.99
game_923,saudi_arabia,guatemala,1,0,1,2.2762,2.2143,22,21,0,1,8,7,16,14,15,30,3958.57
game_924,south_korea,peru,0,5,4,2.8503,3.0094,27,28,9,7,7,10,14,20,17,34,3599.99
game_925,rwanda,kazakhstan,0,8,3,3.606,3.3668,27,27,13,6,8,6,16,14,14,30,3599.9900000000002
game_926,mongolia,india,0,1,0,1.3319999999999999,2.0798,16,20,1,0,6,4,12,8,10,20,3599.99
game_927,indonesia,uae,0,5,1,2.2849000000000004,2.0766,28,22,9,2,5,4,10,8,9,18,3600.02
game_928,morocco,switzerland,0,2,1,1.5887,1.9606000000000003,16,24,2,2,4,6,8,15,10,23,3599.9799999999996
game_929,thailand,mexico,0,4,3,2.5608999999999997,1.7067999999999997,21,20,6,5,5,6,10,12,11,22,3599.9900000000007
game_93,peru,france,0,4,0,2.8289,1.4354999999999998,24,15,6,0,2,5,4,12,7,16,3600.01
game_930,oman,uk,0,3,1,3.1128,3.1797,27,24,5,2,8,4,16,10,12,26,3600.0
game_931,panama,vietnam,0,6,1,4.0606,2.0167,29,19,11,2,5,6,10,12,11,22,3599.98
game_932,new_zealand,canada,0,4,3,3.2265000000000006,2.8192,24,20,8,5,7,9,14,18,16,32,3599.97
game_933,philippines,serbia,1,1,2,2.6524,3.5951999999999997,31,37,2,4,2,3,4,6,5,10,3986.7
game_934,germany,france,0,5,3,3.1249000000000002,4.4378,26,32,8,6,8,5,16,10,13,26,3600.0100000000007
game_935,netherlands,brazil,0,3,0,2.2875,1.7504000000000002,18,18,6,0,2,9,4,18,11,22,3599.99
game_936,iceland,singapore,0,3,5,3.4948000000000006,2.4371,28,24,6,6,7,6,14,15,13,29,3599.9900000000002
game_937,iceland,thailand,1,4,3,2.0076,4.4952000000000005,19,34,6,6,9,11,18,25,20,43,3602.4600000000005
game_938,morocco,canada,0,2,1,1.8632,2.1975,19,25,1,2,2,4,4,8,6,12,3599.9999999999995
game_939,rwanda,indonesia,0,3,0,2.6260999999999997,0.8347,25,10,3,0,2,7,4,14,9,18,3600.0
game_94,thailand,india,0,3,2,3.4001,3.7453,26,34,6,3,9,6,18,12,15,30,3600.0200000000004
game_940,france,mongolia,0,4,3,4.412799999999999,2.3889000000000005,34,22,4,6,5,11,10,22,16,32,3600.0
game_941,peru,uae,0,2,3,2.745,1.9653,27,21,4,4,7,4,14,8,11,22,3600.0099999999998
game_942,usa,new_zealand,1,4,3,3.3973999999999998,3.7630999999999997,27,38,5,5,7,6,14,12,13,26,3898.2200000000003
game_943,south_korea,saudi_arabia,1,5,4,3.0061,2.4215,31,22,9,8,5,4,10,8,9,18,3618.91
game_944,china,netherlands,0,2,4,2.5529,2.4706,24,26,4,5,5,4,10,8,9,18,3600.0
game_945,pakistan,germany,1,5,6,4.124899999999999,3.4574000000000003,32,31,8,9,8,8,16,16,16,32,4493.9800000000005
game_946,oman,philippines,0,2,3,2.2003,3.5448,21,32,2,3,7,4,14,8,11,22,3600.0
game_947,india,singapore,0,4,1,4.178,2.6496000000000004,38,28,7,1,3,8,6,16,11,22,3600.0
game_948,ethiopia,panama,0,5,2,5.029299999999999,2.6390000000000002,37,26,8,2,6,11,12,25,17,37,3599.999999999999
game_949,serbia,brazil,0,5,1,3.5272,5.0892,31,40,9,2,4,8,8,16,12,24,3599.9900000000007
game_95,oman,singapore,0,2,5,3.3641000000000005,2.8661999999999996,30,27,2,10,7,5,14,10,12,24,3599.98
game_950,vietnam,guatemala,1,2,1,2.0696,3.6925999999999997,21,32,4,2,10,9,20,20,19,40,3634.3900000000003
game_951,mexico,kazakhstan,0,6,5,4.221900000000001,1.6378,33,17,7,6,8,10,16,20,18,36,3599.9799999999996
game_952,uk,switzerland,1,4,3,5.4562,3.1004,50,34,6,6,10,13,20,26,23,46,6014.099999999999
game_953,thailand,peru,0,4,2,2.6339999999999995,2.138,21,23,7,3,5,4,10,8,9,18,3600.0
game_954,saudi_arabia,usa,0,7,2,3.1807,2.9406,27,24,13,0,8,7,18,14,15,32,3600.01
game_955,morocco,mongolia,1,4,3,3.44,2.3072,35,26,5,5,8,9,16,18,17,34,3798.4400000000005
game_956,guatemala,rwanda,1,2,3,2.7431,2.7619,19,33,4,4,9,10,18,20,19,38,3611.82
game_957,iceland,pakistan,0,4,0,3.5791000000000004,2.1206,31,21,7,0,4,8,8,16,12,24,3600.0099999999998
game_958,singapore,indonesia,0,3,2,2.1456999999999997,2.9465,19,30,6,4,6,5,15,10,11,25,3600.01
game_959,south_korea,germany,0,7,4,3.2924,2.3912,29,21,10,5,6,5,12,10,11,22,3600.0099999999998
game_96,usa,philippines,0,3,2,2.8271000000000006,2.4896000000000003,27,24,6,2,9,3,18,6,12,24,3600.02
game_960,china,kazakhstan,0,2,4,2.5387,2.4513000000000003,21,25,4,5,5,5,10,10,10,20,3599.9999999999995
game_961,philippines,ethiopia,1,3,4,2.8348,3.8341000000000003,29,32,5,5,10,5,20,10,15,30,3773.9
game_962,serbia,uae,0,3,4,4.0852,4.4135,40,39,3,6,6,3,12,9,9,21,3599.9900000000002
game_963,canada,mexico,0,5,4,3.3827,3.1069,32,32,6,5,2,8,4,16,10,20,3599.9800000000005
game_964,netherlands,switzerland,0,2,1,2.6582,1.9319,22,24,4,2,4,8,8,16,12,24,3600.01
game_965,vietnam,new_zealand,0,3,5,3.6411000000000002,2.6004,28,22,5,7,7,6,14,12,13,26,3600.0199999999995
game_966,oman,india,0,7,2,2.8762,2.7873,26,23,10,1,8,6,16,12,14,28,3599.99
game_967,france,brazil,0,2,4,3.4059,2.8405,27,21,4,5,6,7,12,14,13,26,3599.9999999999995
game_968,uk,panama,0,3,1,3.3489000000000004,2.8981000000000003,28,25,4,1,4,4,8,8,8,16,3599.9900000000002
game_969,new_zealand,rwanda,0,4,3,4.0677,3.6733,32,31,8,6,4,9,8,18,13,26,3600.01
game_97,guatemala,mongolia,0,4,0,4.551,1.7906999999999997,32,30,7,0,1,12,2,24,13,26,3600.01
game_970,china,oman,0,3,5,3.8595,2.667,27,28,5,8,4,9,8,18,13,26,3600.01
game_971,ethiopia,germany,0,2,1,3.0308,2.2756,24,20,4,2,8,5,16,10,13,26,3600.0
game_972,philippines,morocco,0,4,0,3.8845,1.6158,34,20,7,0,3,11,6,22,14,28,3600.0
game_973,france,serbia,0,5,2,2.7084,3.0881,24,27,8,3,7,4,14,8,11,22,3599.9999999999995
game_974,pakistan,panama,0,1,2,3.054,2.7055,28,24,2,4,5,1,10,2,6,12,3599.999999999999
game_975,netherlands,saudi_arabia,0,0,2,2.2659000000000002,2.5105999999999997,23,24,0,3,6,3,12,6,9,18,3600.0
game_976,guatemala,indonesia,0,1,2,3.0138999999999996,2.3937999999999997,28,34,0,3,4,6,8,12,10,20,3600.01
game_977,india,brazil,0,2,0,2.3178999999999994,2.9224,25,23,4,0,6,7,14,17,13,31,3599.99
game_978,usa,iceland,0,2,3,4.1745,4.031899999999999,37,33,3,5,10,7,20,14,17,34,3599.9900000000002
game_979,uk,south_korea,0,6,2,3.9825999999999997,3.3681,30,27,9,3,9,4,18,8,13,26,3599.9900000000002
game_98,pakistan,germany,1,4,3,3.4774,3.3015000000000003,28,28,6,5,6,3,12,6,9,18,3868.78
game_980,vietnam,canada,0,7,3,3.0563000000000002,2.785,26,22,11,4,6,6,12,14,12,26,3599.9900000000002
game_981,mongolia,mexico,0,4,3,2.4730999999999996,5.044600000000001,27,40,6,6,8,5,16,10,13,26,3600.0099999999998
game_982,switzerland,peru,0,1,5,2.1269,4.746,24,38,2,7,13,4,28,8,17,36,3600.01
game_983,singapore,uae,0,3,2,2.6814,2.9932000000000003,24,27,5,4,7,7,14,14,14,28,3600.0199999999995
game_984,kazakhstan,thailand,0,2,3,1.4992,3.1519999999999997,14,26,4,4,3,8,6,16,11,22,3599.9800000000005
game_985,india,iceland,0,3,4,3.1260000000000003,2.905,31,25,6,4,4,7,8,14,11,22,3599.98
game_986,morocco,panama,1,3,2,4.8163,2.3527000000000005,44,22,6,1,3,10,6,20,13,26,4093.04
game_987,saudi_arabia,serbia,0,6,3,2.7300000000000004,2.0404,25,22,6,6,4,7,8,14,11,22,3599.99
game_988,mongolia,peru,1,5,6,3.288,3.2640999999999996,30,28,7,9,6,11,17,22,17,39,3608.61
game_989,germany,ethiopia,0,0,3,4.013,1.8960000000000001,33,18,0,3,5,7,10,14,12,24,3599.98
game_99,peru,indonesia,0,5,1,3.4524000000000004,1.9008,30,22,6,2,5,7,10,14,12,24,3600.0
game_990,usa,rwanda,0,3,0,4.371499999999999,2.4939,36,26,5,0,4,8,8,16,12,24,3600.0
game_991,new_zealand,china,0,2,3,3.0371,4.407399999999999,29,35,4,4,8,5,16,10,13,26,3599.98
game_992,philippines,pakistan,0,1,0,2.7576,2.4069,24,22,2,0,3,8,6,16,11,22,3600.0099999999998
game_993,uk,singapore,1,5,6,8.5078,2.697,48,24,5,11,5,14,10,28,19,38,3932.0800000000004
game_994,france,guatemala,0,2,4,2.6633000000000004,2.1565,28,21,2,5,9,3,18,6,12,24,3600.0000000000005
game_995,vietnam,mexico,1,4,3,2.971,2.8998999999999997,30,23,4,4,8,6,16,12,14,28,3919.9799999999996
game_996,kazakhstan,indonesia,0,0,5,1.2391,3.3882000000000003,12,31,0,7,6,3,12,6,9,18,3600.0
game_997,canada,south_korea,0,3,5,2.0454999999999997,3.6745,22,34,5,9,9,6,18,12,15,30,3600.01
game_998,switzerland,uae,0,4,2,3.2982,2.2124,35,21,2,1,8,8,16,16,16,32,3600.0
game_999,oman,thailand,0,2,3,2.7899999999999996,3.4265,29,24,4,6,9,7,18,14,16,32,3600.01
